A.Resp_Numb,A.Date,A.Country,A.Length_Vessel,A.Ton_Vessel,A.Hold_Cap_Fish,A.Engine_Power,A.Gear_Type,A.Gear_Specific,A.Days_Year,A.Days_Trip,GN.Numb_Sets_Day,GN.Numb_Panel,GN.Length_Panel,GN.Depth_Panel,GN.Numb_Lost_General,GN.Numb_Trip_Losses,GN.Prop_Lost,T.Numb_Shots_Day,T.Numb_Nets,T.Length_Headline,T.Length_Trawl,T.Numb_Lost_General,T.Numb_Trip_Losses,T.Prop_Lost,PS.Numb_Sets_Day,PS.Length_PSNet,PS.Depth_PSNet,PS.Numb_Lost_General,PS.Numb_Trip_Losses,PS.Prop_Lost,PT.Numb_Set_Day,PT.GearConfig,PT.Numb_Lost_General,PT.Numb_Trip_Losses,PT.Numb_PT_Lost_Yr,LL.Numb_Sets_Day,LL.Numb_Hooks_Set,LL.Length_Mainline,LL.Length_Branchline,LL.Numb_Trips_Mainline_Loss,LL.Amount_Mainline_Lost_Year,LL.Branch.Numb_Lost_Trip,LL.Hooks.Numb_Lost_Trip,LL.Days_Trip_Fished,LL.Length_Used,PS.Numb_Nets_Vessel,A.Days_Fished
1PTINDO,21/1/2019,Indonesia,7,5,0.1,17.652,PT,Crab,270,7,NA,NA,NA,NA,NA,NA,NA,NA,NA,NA,NA,NA,NA,NA,NA,NA,NA,NA,NA,NA,1000,1000,5,1,108,NA,NA,NA,NA,NA,NA,NA,NA,NA,NA,NA,7
2PTINDO,21/1/2019,Indonesia,7,5,0.1,17.652,PT,Crab,275,8,NA,NA,NA,NA,NA,NA,NA,NA,NA,NA,NA,NA,NA,NA,NA,NA,NA,NA,NA,NA,1300,1300,7,1,150,NA,NA,NA,NA,NA,NA,NA,NA,NA,NA,NA,8
3PTINDO,21/01/2019,Indonesia,6.5,5,0.1,17.652,PT,Crab,275,6,NA,NA,NA,NA,NA,NA,NA,NA,NA,NA,NA,NA,NA,NA,NA,NA,NA,NA,NA,NA,1100,1100,15,1,350,NA,NA,NA,NA,NA,NA,NA,NA,NA,NA,NA,6
4PTINDO,21/01/2019,Indonesia,7,5,0.1,22.065,PT,Crab,250,7,NA,NA,NA,NA,NA,NA,NA,NA,NA,NA,NA,NA,NA,NA,NA,NA,NA,NA,NA,NA,1000,1000,15,1,250,NA,NA,NA,NA,NA,NA,NA,NA,NA,NA,NA,7
5PTINDO,21/01/2019,Indonesia,7,5,0.1,17.652,PT,Crab,270,6,NA,NA,NA,NA,NA,NA,NA,NA,NA,NA,NA,NA,NA,NA,NA,NA,NA,NA,NA,NA,1100,1100,15,1,200,NA,NA,NA,NA,NA,NA,NA,NA,NA,NA,NA,6
6PTINDO,21/01/2019,Indonesia,6.8,3,0.1,17.652,PT,Crab,255,6,NA,NA,NA,NA,NA,NA,NA,NA,NA,NA,NA,NA,NA,NA,NA,NA,NA,NA,NA,NA,1000,1000,50,3,400,NA,NA,NA,NA,NA,NA,NA,NA,NA,NA,NA,6
7PTINDO,21/01/2019,Indonesia,7,5,0.1,17.652,PT,Crab,255,6,NA,NA,NA,NA,NA,NA,NA,NA,NA,NA,NA,NA,NA,NA,NA,NA,NA,NA,NA,NA,1000,1000,10,1,250,NA,NA,NA,NA,NA,NA,NA,NA,NA,NA,NA,6
8PTINDO,21/01/2019,Indonesia,6.5,5,0.1,17.652,PT,Crab,280,8,NA,NA,NA,NA,NA,NA,NA,NA,NA,NA,NA,NA,NA,NA,NA,NA,NA,NA,NA,NA,1000,1000,10,1,300,NA,NA,NA,NA,NA,NA,NA,NA,NA,NA,NA,8
9PTINDO,21/01/2019,Indonesia,9,8,0.15,220.65,PT,Crab,270,8,NA,NA,NA,NA,NA,NA,NA,NA,NA,NA,NA,NA,NA,NA,NA,NA,NA,NA,NA,NA,1650,1650,20,1,400,NA,NA,NA,NA,NA,NA,NA,NA,NA,NA,NA,8
10PTINDO,21/01/2019,Indonesia,7,5,0.1,17.652,PT,Crab,270,7,NA,NA,NA,NA,NA,NA,NA,NA,NA,NA,NA,NA,NA,NA,NA,NA,NA,NA,NA,NA,1000,1000,15,1,300,NA,NA,NA,NA,NA,NA,NA,NA,NA,NA,NA,7
11PTINDO,21/01/2019,Indonesia,7,5,0.1,17.652,PT,Crab,250,6,NA,NA,NA,NA,NA,NA,NA,NA,NA,NA,NA,NA,NA,NA,NA,NA,NA,NA,NA,NA,1100,1100,5,1,200,NA,NA,NA,NA,NA,NA,NA,NA,NA,NA,NA,6
12PTINDO,21/01/2019,Indonesia,6.8,5,0.1,17.652,PT,Crab,270,7,NA,NA,NA,NA,NA,NA,NA,NA,NA,NA,NA,NA,NA,NA,NA,NA,NA,NA,NA,NA,1200,1200,20,1,200,NA,NA,NA,NA,NA,NA,NA,NA,NA,NA,NA,7
13PTINDO,21/01/2019,Indonesia,7,5,0.1,17.652,PT,Crab,260,7,NA,NA,NA,NA,NA,NA,NA,NA,NA,NA,NA,NA,NA,NA,NA,NA,NA,NA,NA,NA,1000,1000,15,1,250,NA,NA,NA,NA,NA,NA,NA,NA,NA,NA,NA,7
14PTINDO,21/01/2019,Indonesia,7,5,0.1,17.652,PT,Crab,265,7,NA,NA,NA,NA,NA,NA,NA,NA,NA,NA,NA,NA,NA,NA,NA,NA,NA,NA,NA,NA,1100,1100,15,1,300,NA,NA,NA,NA,NA,NA,NA,NA,NA,NA,NA,7
15PTINDO,21/01/2019,Indonesia,7,5,0.1,17.652,PT,Crab,280,6,NA,NA,NA,NA,NA,NA,NA,NA,NA,NA,NA,NA,NA,NA,NA,NA,NA,NA,NA,NA,1000,1000,20,1,250,NA,NA,NA,NA,NA,NA,NA,NA,NA,NA,NA,6
1GNINDO,22/1/2019,Indonesia,21,96,100,275.812,GN,GNS,270,90,1,125,112,14.4,30,1,NA,NA,NA,NA,NA,NA,NA,NA,NA,NA,NA,NA,NA,NA,NA,NA,NA,NA,NA,NA,NA,NA,NA,NA,NA,NA,NA,NA,NA,NA,90
2GNINDO,22/1/2019,Indonesia,20.3,43,70,224.33,GN,GNS,230,90,1,115,100,10,6,1,NA,NA,NA,NA,NA,NA,NA,NA,NA,NA,NA,NA,NA,NA,NA,NA,NA,NA,NA,NA,NA,NA,NA,NA,NA,NA,NA,NA,NA,NA,90
3GNINDO,22/1/2019,Indonesia,17,55,32,117.68,GN,GNS,240,90,1,110,112,14,45,5,NA,NA,NA,NA,NA,NA,NA,NA,NA,NA,NA,NA,NA,NA,NA,NA,NA,NA,NA,NA,NA,NA,NA,NA,NA,NA,NA,NA,NA,NA,90
4GNINDO,22/1/2019,Indonesia,21,63,40,147.1,GN,GNS,240,105,1,115,112,14,2,1,NA,NA,NA,NA,NA,NA,NA,NA,NA,NA,NA,NA,NA,NA,NA,NA,NA,NA,NA,NA,NA,NA,NA,NA,NA,NA,NA,NA,NA,NA,105
5GNINDO,22/1/2019,Indonesia,12,22,18,165.487,GN,GNS,210,35,1,100,110,12,1,3,NA,NA,NA,NA,NA,NA,NA,NA,NA,NA,NA,NA,NA,NA,NA,NA,NA,NA,NA,NA,NA,NA,NA,NA,NA,NA,NA,NA,NA,NA,35
6GNINDO,23/1/2019,Indonesia,23,56,30,147.1,GN,GNS,245,120,1,100,96,9,2,1,NA,NA,NA,NA,NA,NA,NA,NA,NA,NA,NA,NA,NA,NA,NA,NA,NA,NA,NA,NA,NA,NA,NA,NA,NA,NA,NA,NA,NA,NA,120
7GNINDO,23/1/2019,Indonesia,37,132,140,275.812,GN,GNS,330,120,1,100,88,16,2,1,NA,NA,NA,NA,NA,NA,NA,NA,NA,NA,NA,NA,NA,NA,NA,NA,NA,NA,NA,NA,NA,NA,NA,NA,NA,NA,NA,NA,NA,NA,120
8GNINDO,23/1/2019,Indonesia,18,45,20,147.1,GN,GNS,200,50,1,115,96,22.4,2,3,NA,NA,NA,NA,NA,NA,NA,NA,NA,NA,NA,NA,NA,NA,NA,NA,NA,NA,NA,NA,NA,NA,NA,NA,NA,NA,NA,NA,NA,NA,50
9GNINDO,23/1/2019,Indonesia,NA,22,12,158.32,GN,GNS,240,60,1,130,48,13.5,2,1,NA,NA,NA,NA,NA,NA,NA,NA,NA,NA,NA,NA,NA,NA,NA,NA,NA,NA,NA,NA,NA,NA,NA,NA,NA,NA,NA,NA,NA,NA,60
10GNINDO,23/1/2019,Indonesia,25,78,70,264.78,GN,GNS,270,90,1,135,96,15.2,2,3,NA,NA,NA,NA,NA,NA,NA,NA,NA,NA,NA,NA,NA,NA,NA,NA,NA,NA,NA,NA,NA,NA,NA,NA,NA,NA,NA,NA,NA,NA,90
11GNINDO,24/1/2019,Indonesia,13,23,60,220.65,GN,GNS,295,75,1,140,96,22.4,3,1,NA,NA,NA,NA,NA,NA,NA,NA,NA,NA,NA,NA,NA,NA,NA,NA,NA,NA,NA,NA,NA,NA,NA,NA,NA,NA,NA,NA,NA,NA,75
12GNINDO,24/1/2019,Indonesia,16.7,27,20,147.1,GN,GNS,300,50,1,115,104,16,2,1,NA,NA,NA,NA,NA,NA,NA,NA,NA,NA,NA,NA,NA,NA,NA,NA,NA,NA,NA,NA,NA,NA,NA,NA,NA,NA,NA,NA,NA,NA,50
13GNINDO,24/1/2019,Indonesia,15,29,25,147.1,GN,GNS,280,40,1,130,96,16,2,1,NA,NA,NA,NA,NA,NA,NA,NA,NA,NA,NA,NA,NA,NA,NA,NA,NA,NA,NA,NA,NA,NA,NA,NA,NA,NA,NA,NA,NA,NA,40
14GNINDO,24/1/2019,Indonesia,13.5,25,30,147.1,GN,GNS,300,60,1,120,96,12.8,2,1,NA,NA,NA,NA,NA,NA,NA,NA,NA,NA,NA,NA,NA,NA,NA,NA,NA,NA,NA,NA,NA,NA,NA,NA,NA,NA,NA,NA,NA,NA,60
15GNINDO,24/1/2019,Indonesia,16,30,17,147.1,GN,GNS,300,60,1,100,96,22.4,2,3,NA,NA,NA,NA,NA,NA,NA,NA,NA,NA,NA,NA,NA,NA,NA,NA,NA,NA,NA,NA,NA,NA,NA,NA,NA,NA,NA,NA,NA,NA,60
1PSINDO,2/12/2019,Indonesia,25,28,20,257.425,PS,AFAD,200,1,NA,NA,NA,NA,NA,NA,NA,NA,NA,NA,NA,NA,NA,NA,4,600,60,47,120,Less25,NA,NA,NA,NA,NA,NA,NA,NA,NA,NA,NA,NA,NA,NA,NA,1,1
2PSINDO,2/12/2019,Indonesia,23,25,12,165.487,PS,AFAD,210,1,NA,NA,NA,NA,NA,NA,NA,NA,NA,NA,NA,NA,NA,NA,4,600,50,1,60,Less25,NA,NA,NA,NA,NA,NA,NA,NA,NA,NA,NA,NA,NA,NA,NA,1,1
3PSINDO,2/12/2019,Indonesia,21,24,12,165.487,PS,AFAD,200,1,NA,NA,NA,NA,NA,NA,NA,NA,NA,NA,NA,NA,NA,NA,3,450,50,10,80,Less25,NA,NA,NA,NA,NA,NA,NA,NA,NA,NA,NA,NA,NA,NA,NA,1,1
4PSINDO,13/02/2019,Indonesia,21,25,15,158.132,PS,AFAD,220,1,NA,NA,NA,NA,NA,NA,NA,NA,NA,NA,NA,NA,NA,NA,6,600,50,1,40,Less25,NA,NA,NA,NA,NA,NA,NA,NA,NA,NA,NA,NA,NA,NA,NA,1,1
5PSINDO,13/02/2019,Indonesia,22,25,12,165.487,PS,AFAD,200,1,NA,NA,NA,NA,NA,NA,NA,NA,NA,NA,NA,NA,NA,NA,2,600,50,2,20,Less25,NA,NA,NA,NA,NA,NA,NA,NA,NA,NA,NA,NA,NA,NA,NA,1,1
6PSINDO,13/02/2019,Indonesia,23,27,19,165.487,PS,AFAD,210,1,NA,NA,NA,NA,NA,NA,NA,NA,NA,NA,NA,NA,NA,NA,2,600,50,10,40,Less25,NA,NA,NA,NA,NA,NA,NA,NA,NA,NA,NA,NA,NA,NA,NA,1,1
7PSINDO,18/3/2019,Indonesia,23.8,85,30,308.909,PS,AFAD,360,30,NA,NA,NA,NA,NA,NA,NA,NA,NA,NA,NA,NA,NA,NA,1,500,50,1,10,Less25,NA,NA,NA,NA,NA,NA,NA,NA,NA,NA,NA,NA,NA,NA,NA,1,30
8PSINDO,18/3/2019,Indonesia,23.7,94,40,272.135,PS,AFAD,360,30,NA,NA,NA,NA,NA,NA,NA,NA,NA,NA,NA,NA,NA,NA,1,500,50,3,10,Less25,NA,NA,NA,NA,NA,NA,NA,NA,NA,NA,NA,NA,NA,NA,NA,1,30
9PSINDO,19/3/2019,Indonesia,24.7,103,30,235.36,PS,AFAD,360,30,NA,NA,NA,NA,NA,NA,NA,NA,NA,NA,NA,NA,NA,NA,1,500,55,5,10,Less25,NA,NA,NA,NA,NA,NA,NA,NA,NA,NA,NA,NA,NA,NA,NA,1,30
10PSINDO,19/3/2019,Indonesia,23.55,120,70,257.425,PS,AFAD,360,60,NA,NA,NA,NA,NA,NA,NA,NA,NA,NA,NA,NA,NA,NA,1,600,70,3.5,5,Less25,NA,NA,NA,NA,NA,NA,NA,NA,NA,NA,NA,NA,NA,NA,NA,1,60
11PSINDO,19/3/2019,Indonesia,22.7,105,35,257.425,PS,AFAD,360,30,NA,NA,NA,NA,NA,NA,NA,NA,NA,NA,NA,NA,NA,NA,1,600,50,2,5,Less25,NA,NA,NA,NA,NA,NA,NA,NA,NA,NA,NA,NA,NA,NA,NA,1,30
12PSINDO,19/3/2019,Indonesia,25.6,96,50,272.135,PS,AFAD,360,20,NA,NA,NA,NA,NA,NA,NA,NA,NA,NA,NA,NA,NA,NA,1,1200,70,7.5,10,25to50,NA,NA,NA,NA,NA,NA,NA,NA,NA,NA,NA,NA,NA,NA,NA,1,20
13PSINDO,20/3/2019,Indonesia,22.3,70,15,161.81,PS,AFAD,360,14,NA,NA,NA,NA,NA,NA,NA,NA,NA,NA,NA,NA,NA,NA,1,400,50,1,5,Less25,NA,NA,NA,NA,NA,NA,NA,NA,NA,NA,NA,NA,NA,NA,NA,1,14
14PSINDO,20/3/2019,Indonesia,23.73,122,35,272.135,PS,AFAD,360,20,NA,NA,NA,NA,NA,NA,NA,NA,NA,NA,NA,NA,NA,NA,1,300,60,1,10,25to50,NA,NA,NA,NA,NA,NA,NA,NA,NA,NA,NA,NA,NA,NA,NA,1,20
15PSINDO,20/3/2019,Indonesia,23.59,91,30,250.07,PS,AFAD,360,20,NA,NA,NA,NA,NA,NA,NA,NA,NA,NA,NA,NA,NA,NA,1,800,250,2,5,Less25,NA,NA,NA,NA,NA,NA,NA,NA,NA,NA,NA,NA,NA,NA,NA,1,20
1LLINDO,13/1/2019,Indonesia,26.7,152,150,353.039,LL,LLS,270,90,NA,NA,NA,NA,NA,NA,NA,NA,NA,NA,NA,NA,NA,NA,NA,NA,NA,NA,NA,NA,NA,NA,NA,NA,NA,1,2000,96,32,2,2.5,300,225,40,96,NA,40
2LLINDO,13/1/2019,Indonesia,35,116,70,279.49,LL,LLS,240,60,NA,NA,NA,NA,NA,NA,NA,NA,NA,NA,NA,NA,NA,NA,NA,NA,NA,NA,NA,NA,NA,NA,NA,NA,NA,1,2000,88.8,30.4,4,3,200,200,42,88.8,NA,42
3LLINDO,15/1/2019,Indonesia,29,100,80,257.425,LL,LLS,360,360,NA,NA,NA,NA,NA,NA,NA,NA,NA,NA,NA,NA,NA,NA,NA,NA,NA,NA,NA,NA,NA,NA,NA,NA,NA,2,1820,72,24,1,6,250,768,96,144,NA,96
4LLINDO,15/1/2019,Indonesia,32,158,150,279.49,LL,LLS,360,420,NA,NA,NA,NA,NA,NA,NA,NA,NA,NA,NA,NA,NA,NA,NA,NA,NA,NA,NA,NA,NA,NA,NA,NA,NA,2,1014,59.2,20.8,0.8571429,5,2600,1680,168,118.4,NA,168
5LLINDO,17/1/2019,Indonesia,25,58,60,205.94,LL,LLS,300,300,NA,NA,NA,NA,NA,NA,NA,NA,NA,NA,NA,NA,NA,NA,NA,NA,NA,NA,NA,NA,NA,NA,NA,NA,NA,1,1500,104.607,30,1,0.4,300,50,NA,104.607,NA,NA
6LLINDO,18/1/2019,Indonesia,27,59,80,235.36,LL,LLS,330,210,NA,NA,NA,NA,NA,NA,NA,NA,NA,NA,NA,NA,NA,NA,NA,NA,NA,NA,NA,NA,NA,NA,NA,NA,NA,1,2000,92,27.2,1.5714286,0.3,350,100,30,92,NA,30
7LLINDO,29/1/2019,Indonesia,22,64,30,198.585,LL,LLS,270,30,NA,NA,NA,NA,NA,NA,NA,NA,NA,NA,NA,NA,NA,NA,NA,NA,NA,NA,NA,NA,NA,NA,NA,NA,NA,1,1500,42,25,1,1,100,200,20,42,NA,20
8LLINDO,30/1/2019,Indonesia,22,75,50,205.94,LL,LLS,270,450,NA,NA,NA,NA,NA,NA,NA,NA,NA,NA,NA,NA,NA,NA,NA,NA,NA,NA,NA,NA,NA,NA,NA,NA,NA,1,1200,40.2336,24,0.6,5,1500,150,70,40.2336,NA,70
9LLINDO,30/1/2019,Indonesia,18,30,20,205.94,LL,LLS,300,150,NA,NA,NA,NA,NA,NA,NA,NA,NA,NA,NA,NA,NA,NA,NA,NA,NA,NA,NA,NA,NA,NA,NA,NA,NA,1,1400,59.5457,27.2,2,5,500,100,90,59.5457,NA,90
10LLINDO,31/1/2019,Indonesia,24,58,80,279.49,LL,LLS,270,90,NA,NA,NA,NA,NA,NA,NA,NA,NA,NA,NA,NA,NA,NA,NA,NA,NA,NA,NA,NA,NA,NA,NA,NA,NA,1,1200,64.3738,20,2,3.21869,200,125,40,64.3738,NA,40
11LLINDO,31/1/2019,Indonesia,18,59,40,231.682,LL,LLS,270,30,NA,NA,NA,NA,NA,NA,NA,NA,NA,NA,NA,NA,NA,NA,NA,NA,NA,NA,NA,NA,NA,NA,NA,NA,NA,1,1100,64.3738,24,9,1.5,300,200,20,64.3738,NA,20
12LLINDO,2/1/2019,Indonesia,26.8,128,60,257.425,LL,LLS,270,74,NA,NA,NA,NA,NA,NA,NA,NA,NA,NA,NA,NA,NA,NA,NA,NA,NA,NA,NA,NA,NA,NA,NA,NA,NA,1,1000,44.25696,24,3,1.5,200,1020,60,44.25696,NA,60
13LLINDO,29/1/2019,Indonesia,22,78,30,235.36,LL,LLS,290,60,NA,NA,NA,NA,NA,NA,NA,NA,NA,NA,NA,NA,NA,NA,NA,NA,NA,NA,NA,NA,NA,NA,NA,NA,NA,1,1200,50,32,1,0.5,175,85,40,50,NA,40
14LLINDO,14/3/2019,Indonesia,17,30,15,169.165,LL,LLS,270,45,NA,NA,NA,NA,NA,NA,NA,NA,NA,NA,NA,NA,NA,NA,NA,NA,NA,NA,NA,NA,NA,NA,NA,NA,NA,1,900,37.5,30,4,4,300,50,25,37.5,NA,25
15LLINDO,14/3/2019,Indonesia,15.5,29,15,220.65,LL,LLS,260,30,NA,NA,NA,NA,NA,NA,NA,NA,NA,NA,NA,NA,NA,NA,NA,NA,NA,NA,NA,NA,NA,NA,NA,NA,NA,1,800,42,25,4,3.5,250,100,20,42,NA,20
1GNPERU,19/03/2019,Peru,8.8,IDK,8,IDK,GN,GND,290,1,2,18,128.1,10,1,290,Full,NA,NA,NA,NA,NA,NA,NA,NA,NA,NA,NA,NA,NA,NA,NA,NA,NA,NA,NA,NA,NA,NA,NA,NA,NA,NA,NA,NA,NA,1
2GNPERU,19/03/2019,Peru,8,IDK,6,40HP,GN,GND,274,4,2,8,128.1,9,2,68.5,Full,NA,NA,NA,NA,NA,NA,NA,NA,NA,NA,NA,NA,NA,NA,NA,NA,NA,NA,NA,NA,NA,NA,NA,NA,NA,NA,NA,NA,NA,4
3GNPERU,26/03/2019,Peru,9.6,IDK,8,60HP,GN,GND,204,5,5,8,164.7,5,8,15,Full,NA,NA,NA,NA,NA,NA,NA,NA,NA,NA,NA,NA,NA,NA,NA,NA,NA,NA,NA,NA,NA,NA,NA,NA,NA,NA,NA,NA,NA,5
4GNPERU,26/03/2019,Peru,9.1,IDK,8,60HP,GN,GND,72,5.5,5,11,146.4,9,10,13.1,Full,NA,NA,NA,NA,NA,NA,NA,NA,NA,NA,NA,NA,NA,NA,NA,NA,NA,NA,NA,NA,NA,NA,NA,NA,NA,NA,NA,NA,NA,5.5
5GNPERU,26/03/2019,Peru,9,4,6,60HP,GN,GND,255,5,3,9,183,5,2,51,Full,NA,NA,NA,NA,NA,NA,NA,NA,NA,NA,NA,NA,NA,NA,NA,NA,NA,NA,NA,NA,NA,NA,NA,NA,NA,NA,NA,NA,NA,5
6GNPERU,27/03/2019,Peru,9.1,IDK,8,60HP,GN,GND,237,1,6,4,58.6,5.5,1,237,Full,NA,NA,NA,NA,NA,NA,NA,NA,NA,NA,NA,NA,NA,NA,NA,NA,NA,NA,NA,NA,NA,NA,NA,NA,NA,NA,NA,NA,NA,1
7GNPERU,27/03/2019,Peru,8.8,5.48,6,60HP,GN,GND,324,1,4,8,219.6,5,0,1,Never,NA,NA,NA,NA,NA,NA,NA,NA,NA,NA,NA,NA,NA,NA,NA,NA,NA,NA,NA,NA,NA,NA,NA,NA,NA,NA,NA,NA,NA,1
8GNPERU,27/03/2019,Peru,8.8,IDK,6,IDK,GN,GND,291,6,4,9,109.8,7.3,1,48.5,75to100,NA,NA,NA,NA,NA,NA,NA,NA,NA,NA,NA,NA,NA,NA,NA,NA,NA,NA,NA,NA,NA,NA,NA,NA,NA,NA,NA,NA,NA,6
9GNPERU,27/03/2019,Peru,5.5,IDK,1.2,15HP,GN,GND,276,1,6,3,58.56,3,2,276,Full,NA,NA,NA,NA,NA,NA,NA,NA,NA,NA,NA,NA,NA,NA,NA,NA,NA,NA,NA,NA,NA,NA,NA,NA,NA,NA,NA,NA,NA,1
10GNPERU,28/03/2019,Peru,8.5,5.5,5,60HP,GN,GND,60,1,2,9,109.8,5,2,60,75to100,NA,NA,NA,NA,NA,NA,NA,NA,NA,NA,NA,NA,NA,NA,NA,NA,NA,NA,NA,NA,NA,NA,NA,NA,NA,NA,NA,NA,NA,1
11GNPERU,28/03/2019,Peru,IDK,IDK,5,60HP,GN,GND,216,4.5,7,10,IDK,5,1,48,Full,NA,NA,NA,NA,NA,NA,NA,NA,NA,NA,NA,NA,NA,NA,NA,NA,NA,NA,NA,NA,NA,NA,NA,NA,NA,NA,NA,NA,NA,4.5
12GNPERU,28/03/2019,Peru,9.1,IDK,10,60HP,GN,GND,192,4,2,9,128,5,3,48,Full,NA,NA,NA,NA,NA,NA,NA,NA,NA,NA,NA,NA,NA,NA,NA,NA,NA,NA,NA,NA,NA,NA,NA,NA,NA,NA,NA,NA,NA,4
13GNPERU,28/03/2019,Peru,10,IDK,7,IDK,GN,GND,228,7.5,2,28,50,8.2,1,30.4,Less25,NA,NA,NA,NA,NA,NA,NA,NA,NA,NA,NA,NA,NA,NA,NA,NA,NA,NA,NA,NA,NA,NA,NA,NA,NA,NA,NA,NA,NA,7.5
14GNPERU,29/03/2019,Peru,10,6,7,60HP,GN,GND,210,8,2,28,50,8.2,1,13.125,Less25,NA,NA,NA,NA,NA,NA,NA,NA,NA,NA,NA,NA,NA,NA,NA,NA,NA,NA,NA,NA,NA,NA,NA,NA,NA,NA,NA,NA,NA,8
15GNPERU,29/03/2019,Peru,10,IDK,7,60HP,GN,GND,245,8,2,28,50,8.2,1,30.625,Less25,NA,NA,NA,NA,NA,NA,NA,NA,NA,NA,NA,NA,NA,NA,NA,NA,NA,NA,NA,NA,NA,NA,NA,NA,NA,NA,NA,NA,NA,8
1LLPERU,1/3/2019,Peru,11.4,20,18,IDK,LL,LLD,303,1,NA,NA,NA,NA,NA,NA,NA,NA,NA,NA,NA,NA,NA,NA,NA,NA,NA,NA,NA,NA,NA,NA,NA,NA,NA,1,3000,19.3121,6.4,1,3.21869,12.67327,8.250825,1,19.3121,NA,1
2LLPERU,12/3/2019,Peru,11.1,IDK,18,220HP,LL,LLD,295,20,NA,NA,NA,NA,NA,NA,NA,NA,NA,NA,NA,NA,NA,NA,NA,NA,NA,NA,NA,NA,NA,NA,NA,NA,NA,1,2500,33.7962,4.6,1,9.65606,300,600,20,33.7962,NA,20
3LLPERU,16/03/2019,Peru,11.1,IDK,10,100HP,LL,LLD,300,1,NA,NA,NA,NA,NA,NA,NA,NA,NA,NA,NA,NA,NA,NA,NA,NA,NA,NA,NA,NA,NA,NA,NA,NA,NA,1,2500,19.3121,4.6,300,8.04672,10,180,1,19.3121,NA,1
4LLPERU,17/03/2019,Peru,11.1,18,11,200HP,LL,LLD,288,1,NA,NA,NA,NA,NA,NA,NA,NA,NA,NA,NA,NA,NA,NA,NA,NA,NA,NA,NA,NA,NA,NA,NA,NA,NA,1,2500,24.1402,3,2,4.02336,8.680556,225,1,24.1402,NA,1
5LLPERU,18/03/2019,Peru,11.4,12,8,IDK,LL,LLD,300,1,NA,NA,NA,NA,NA,NA,NA,NA,NA,NA,NA,NA,NA,NA,NA,NA,NA,NA,NA,NA,NA,NA,NA,NA,NA,1,2500,24.1402,3.5,1,12.0701,366,250,1,24.1402,NA,1
6LLPERU,18/03/2019,Peru,IDK,IDK,11,IDK,LL,LLD,125,15,NA,NA,NA,NA,NA,NA,NA,NA,NA,NA,NA,NA,NA,NA,NA,NA,NA,NA,NA,NA,NA,NA,NA,NA,NA,1,1800,19.3121,9,1,4.02336,900,250,15,19.3121,NA,15
7LLPERU,19/03/2019,Peru,10,8,10,120HP,LL,LLD,264,1,NA,NA,NA,NA,NA,NA,NA,NA,NA,NA,NA,NA,NA,NA,NA,NA,NA,NA,NA,NA,NA,NA,NA,NA,NA,1,2500,24.1402,6.4,1,4.02336,274.5,200,1,24.1402,NA,1
8LLPERU,19/03/2019,Peru,10,8,4,IDK,LL,LLD,264,1,NA,NA,NA,NA,NA,NA,NA,NA,NA,NA,NA,NA,NA,NA,NA,NA,NA,NA,NA,NA,NA,NA,NA,NA,NA,1,2000,24.1402,4.6,1,8.85139,3.787879,120,1,24.1402,NA,1
9LLPERU,24/03/2019,Peru,13,7.5,12,180HP,LL,LLD,306,20,NA,NA,NA,NA,NA,NA,NA,NA,NA,NA,NA,NA,NA,NA,NA,NA,NA,NA,NA,NA,NA,NA,NA,NA,NA,1,1750,24.1402,1,1,2.05996,600,150,20,24.1402,NA,20
10LLPERU,24/03/2019,Peru,12,7,8,IDK,LL,LLD,270,1,NA,NA,NA,NA,NA,NA,NA,NA,NA,NA,NA,NA,NA,NA,NA,NA,NA,NA,NA,NA,NA,NA,NA,NA,NA,1,1800,19.3121,4.6,5,8.85139,411.8,225,1,19.3121,NA,1
11LLPERU,24/03/2019,Peru,9.9,10,12,100HP,LL,LLD,290,1,NA,NA,NA,NA,NA,NA,NA,NA,NA,NA,NA,NA,NA,NA,NA,NA,NA,NA,NA,NA,NA,NA,NA,NA,NA,1,2000,24.1402,4.6,1,8.04672,500,100,1,24.1402,NA,1
12LLPERU,25/03/2019,Peru,9.6,14,13,100HP,LL,LLD,195,20,NA,NA,NA,NA,NA,NA,NA,NA,NA,NA,NA,NA,NA,NA,NA,NA,NA,NA,NA,NA,NA,NA,NA,NA,NA,1,2500,24.1402,4,9.75,12.0701,307.692308,350,20,24.1402,NA,20
13LLPERU,25/03/2019,Peru,9.9,6,8,IDK,LL,LLD,252,23,NA,NA,NA,NA,NA,NA,NA,NA,NA,NA,NA,NA,NA,NA,NA,NA,NA,NA,NA,NA,NA,NA,NA,NA,NA,1,900,19.3121,12.8,11,3.21869,394.8333,30.84921,23,19.3121,NA,23
14LLPERU,25/03/2019,Peru,9.9,12,4,IDK,LL,LLD,240,1,NA,NA,NA,NA,NA,NA,NA,NA,NA,NA,NA,NA,NA,NA,NA,NA,NA,NA,NA,NA,NA,NA,NA,NA,NA,1,900,19.3121,1.8,1,4.82803,915,120,1,19.3121,NA,1
15LLPERU,25/03/2019,Peru,9.6,IDK,6,IDK,LL,LLD,145,1,NA,NA,NA,NA,NA,NA,NA,NA,NA,NA,NA,NA,NA,NA,NA,NA,NA,NA,NA,NA,NA,NA,NA,NA,NA,1,1750,24.1402,3.7,145,12.0701,750,100,1,24.1402,NA,1
1PTPERU,23/04/2019,Peru,IDK,IDK,4,200HP,PT,NA,192,2,NA,NA,NA,NA,NA,NA,NA,NA,NA,NA,NA,NA,NA,NA,NA,NA,NA,NA,NA,NA,1200,1200,3,1,480,NA,NA,NA,NA,NA,NA,NA,NA,NA,NA,NA,2
2PTPERU,25/04/2019,Peru,15,3.2,10,170HP,PT,NA,336,2,NA,NA,NA,NA,NA,NA,NA,NA,NA,NA,NA,NA,NA,NA,NA,NA,NA,NA,NA,NA,5000,1000,20,1,750,NA,NA,NA,NA,NA,NA,NA,NA,NA,NA,NA,2
3PTPERU,25/04/2019,Peru,10,10,6,130HP,PT,NA,192,2,NA,NA,NA,NA,NA,NA,NA,NA,NA,NA,NA,NA,NA,NA,NA,NA,NA,NA,NA,NA,2000,800,5,1,90,NA,NA,NA,NA,NA,NA,NA,NA,NA,NA,NA,2
4PTPERU,25/04/2019,Peru,5.5,IDK,9,140HP,PT,NA,192,2,NA,NA,NA,NA,NA,NA,NA,NA,NA,NA,NA,NA,NA,NA,NA,NA,NA,NA,NA,NA,2000,800,2,1,150,NA,NA,NA,NA,NA,NA,NA,NA,NA,NA,NA,2
5PTPERU,26/04/2019,Peru,15,11,8,120HP,PT,NA,336,2,NA,NA,NA,NA,NA,NA,NA,NA,NA,NA,NA,NA,NA,NA,NA,NA,NA,NA,NA,NA,2750,1100,15,1,370,NA,NA,NA,NA,NA,NA,NA,NA,NA,NA,NA,2
6PTPERU,26/04/2019,Peru,11,12,4,IDK,PT,NA,336,2,NA,NA,NA,NA,NA,NA,NA,NA,NA,NA,NA,NA,NA,NA,NA,NA,NA,NA,NA,NA,2500,1000,2,1,150,NA,NA,NA,NA,NA,NA,NA,NA,NA,NA,NA,2
7PTPERU,26/04/2019,Peru,11,12,4,IDK,PT,NA,192,2,NA,NA,NA,NA,NA,NA,NA,NA,NA,NA,NA,NA,NA,NA,NA,NA,NA,NA,NA,NA,2500,1000,2,1,100,NA,NA,NA,NA,NA,NA,NA,NA,NA,NA,NA,2
8PTPERU,27/04/2019,Peru,12,IDK,12,185HP,PT,NA,312,2,NA,NA,NA,NA,NA,NA,NA,NA,NA,NA,NA,NA,NA,NA,NA,NA,NA,NA,NA,NA,2000,800,1,1,300,NA,NA,NA,NA,NA,NA,NA,NA,NA,NA,NA,2
9PTPERU,27/04/2019,Peru,12,IDK,12,185HP,PT,NA,312,2,NA,NA,NA,NA,NA,NA,NA,NA,NA,NA,NA,NA,NA,NA,NA,NA,NA,NA,NA,NA,2000,800,5,13,60,NA,NA,NA,NA,NA,NA,NA,NA,NA,NA,NA,2
10PTPERU,27/04/2019,Peru,12,IDK,12,185HP,PT,NA,312,2,NA,NA,NA,NA,NA,NA,NA,NA,NA,NA,NA,NA,NA,NA,NA,NA,NA,NA,NA,NA,2000,800,3,4,150,NA,NA,NA,NA,NA,NA,NA,NA,NA,NA,NA,2
11PTPERU,27/04/2019,Peru,12,IDK,12,185HP,PT,NA,192,2,NA,NA,NA,NA,NA,NA,NA,NA,NA,NA,NA,NA,NA,NA,NA,NA,NA,NA,NA,NA,2000,800,1,2,200,NA,NA,NA,NA,NA,NA,NA,NA,NA,NA,NA,2
12PTPERU,28/04/2019,Peru,11,12,4,IDK,PT,NA,312,2,NA,NA,NA,NA,NA,NA,NA,NA,NA,NA,NA,NA,NA,NA,NA,NA,NA,NA,NA,NA,3600,1200,8,1,250,NA,NA,NA,NA,NA,NA,NA,NA,NA,NA,NA,2
13PTPERU,28/04/2019,Peru,11,12,4,IDK,PT,NA,312,2,NA,NA,NA,NA,NA,NA,NA,NA,NA,NA,NA,NA,NA,NA,NA,NA,NA,NA,NA,NA,3500,1000,3,1,200,NA,NA,NA,NA,NA,NA,NA,NA,NA,NA,NA,2
14PTPERU,28/04/2019,Peru,10,10,6,130HP,PT,NA,336,2,NA,NA,NA,NA,NA,NA,NA,NA,NA,NA,NA,NA,NA,NA,NA,NA,NA,NA,NA,NA,2000,800,10,4,420,NA,NA,NA,NA,NA,NA,NA,NA,NA,NA,NA,2
15PTPERU,28/04/2019,Peru,11,10,6,130HP,PT,NA,312,2,NA,NA,NA,NA,NA,NA,NA,NA,NA,NA,NA,NA,NA,NA,NA,NA,NA,NA,NA,NA,2500,1000,4,1,600,NA,NA,NA,NA,NA,NA,NA,NA,NA,NA,NA,2
1TRPERU,22/04/2019,Peru,IDK,100,20,350HP,T,Demersal,120,1,NA,NA,NA,NA,NA,NA,NA,4,4,29.3,35,0,1,Never,NA,NA,NA,NA,NA,NA,NA,NA,NA,NA,NA,NA,NA,NA,NA,NA,NA,NA,NA,NA,NA,NA,1
2TRPERU,22/04/2019,Peru,18,IDK,18,IDK,T,Demersal,192,2,NA,NA,NA,NA,NA,NA,NA,4,4,28,40,1,240,Full,NA,NA,NA,NA,NA,NA,NA,NA,NA,NA,NA,NA,NA,NA,NA,NA,NA,NA,NA,NA,NA,NA,2
3TRPERU,23/04/2019,Peru,5,IDK,20,372.85,T,Demersal,192,2,NA,NA,NA,NA,NA,NA,NA,3,4,69.5,65.8,1,72,Full,NA,NA,NA,NA,NA,NA,NA,NA,NA,NA,NA,NA,NA,NA,NA,NA,NA,NA,NA,NA,NA,NA,2
4TRPERU,23/04/2019,Peru,IDK,IDK,24,214.016,T,Demersal,192,1,NA,NA,NA,NA,NA,NA,NA,3,4,32,42.7,1,480,Full,NA,NA,NA,NA,NA,NA,NA,NA,NA,NA,NA,NA,NA,NA,NA,NA,NA,NA,NA,NA,NA,NA,1
5TRPERU,23/04/2019,Peru,IDK,52,16,IDK,T,Demersal,192,2,NA,NA,NA,NA,NA,NA,NA,4,4,27.4,64,1,144,25to50,NA,NA,NA,NA,NA,NA,NA,NA,NA,NA,NA,NA,NA,NA,NA,NA,NA,NA,NA,NA,NA,NA,2
6TRPERU,24/04/2019,Peru,20,IDK,20,IDK,T,Demersal,192,2,NA,NA,NA,NA,NA,NA,NA,4,4,IDK,IDK,1,288,Full,NA,NA,NA,NA,NA,NA,NA,NA,NA,NA,NA,NA,NA,NA,NA,NA,NA,NA,NA,NA,NA,NA,2
7TRPERU,24/04/2019,Peru,20,IDK,20,260.995,T,Demersal,192,1,NA,NA,NA,NA,NA,NA,NA,3,4,30,37.5,1,336,Full,NA,NA,NA,NA,NA,NA,NA,NA,NA,NA,NA,NA,NA,NA,NA,NA,NA,NA,NA,NA,NA,NA,1
8TRPERU,24/04/2019,Peru,IDK,IDK,20,IDK,T,Demersal,192,2,NA,NA,NA,NA,NA,NA,NA,4,4,30,35,1,432,Full,NA,NA,NA,NA,NA,NA,NA,NA,NA,NA,NA,NA,NA,NA,NA,NA,NA,NA,NA,NA,NA,NA,2
9TRPERU,24/04/2019,Peru,IDK,IDK,17,260.995,T,Demersal,192,2,NA,NA,NA,NA,NA,NA,NA,2,4,32,60,1,2,Full,NA,NA,NA,NA,NA,NA,NA,NA,NA,NA,NA,NA,NA,NA,NA,NA,NA,NA,NA,NA,NA,NA,2
10TRPERU,25/04/2019,Peru,IDK,90,20,260.995,T,Demersal,192,2,NA,NA,NA,NA,NA,NA,NA,4,4,32,45,1,192,Full,NA,NA,NA,NA,NA,NA,NA,NA,NA,NA,NA,NA,NA,NA,NA,NA,NA,NA,NA,NA,NA,NA,2
11TRPERU,25/04/2019,Peru,IDK,90,20,260.995,T,Demersal,192,2,NA,NA,NA,NA,NA,NA,NA,4,4,32,45,1,288,Full,NA,NA,NA,NA,NA,NA,NA,NA,NA,NA,NA,NA,NA,NA,NA,NA,NA,NA,NA,NA,NA,NA,2
12TRPERU,26/04/2019,Peru,IDK,IDK,20,IDK,T,Demersal,192,2,NA,NA,NA,NA,NA,NA,NA,4,4,IDK,IDK,1,480,Full,NA,NA,NA,NA,NA,NA,NA,NA,NA,NA,NA,NA,NA,NA,NA,NA,NA,NA,NA,NA,NA,NA,2
13TRPERU,26/04/2019,Peru,18,70,20,IDK,T,Demersal,192,2,NA,NA,NA,NA,NA,NA,NA,4,4,28,42,1,384,Full,NA,NA,NA,NA,NA,NA,NA,NA,NA,NA,NA,NA,NA,NA,NA,NA,NA,NA,NA,NA,NA,NA,2
1PSPERU,25/02/2019,Peru,17,45,30,IDK,PS,NA,165,1,NA,NA,NA,NA,NA,NA,NA,NA,NA,NA,NA,NA,NA,NA,1,640.5,82.35,1,330,Less25,NA,NA,NA,NA,NA,NA,NA,NA,NA,NA,NA,NA,NA,NA,NA,1,1
2PSPERU,25/02/2019,Peru,IDK,700,500,IDK,PS,NA,48,2.5,NA,NA,NA,NA,NA,NA,NA,NA,NA,NA,NA,NA,NA,NA,7,IDK,128.1,0,1,Never,NA,NA,NA,NA,NA,NA,NA,NA,NA,NA,NA,NA,NA,NA,NA,1,2.5
3PSPERU,25/02/2019,Peru,IDK,IDK,320,IDK,PS,NA,90,1,NA,NA,NA,NA,NA,NA,NA,NA,NA,NA,NA,NA,NA,NA,2,677.1,IDK,1,90,Full,NA,NA,NA,NA,NA,NA,NA,NA,NA,NA,NA,NA,NA,NA,NA,1,1
4PSPERU,25/02/2019,Peru,32,IDK,320,IDK,PS,NA,180,1,NA,NA,NA,NA,NA,NA,NA,NA,NA,NA,NA,NA,NA,NA,3,695.4,100.65,0,1,Never,NA,NA,NA,NA,NA,NA,NA,NA,NA,NA,NA,NA,NA,NA,NA,1,1
5PSPERU,26/02/2019,Peru,IDK,360,349,IDK,PS,NA,180,1,NA,NA,NA,NA,NA,NA,NA,NA,NA,NA,NA,NA,NA,NA,3,IDK,IDK,1,180,Less25,NA,NA,NA,NA,NA,NA,NA,NA,NA,NA,NA,NA,NA,NA,NA,1,1
6PSPERU,26/02/2019,Peru,30,IDK,200,1852HP,PS,NA,180,1,NA,NA,NA,NA,NA,NA,NA,NA,NA,NA,NA,NA,NA,NA,3,585.6,91.5,1,180,25to50,NA,NA,NA,NA,NA,NA,NA,NA,NA,NA,NA,NA,NA,NA,NA,1,1
7PSPERU,26/02/2019,Peru,80,IDK,500,IDK,PS,NA,90,1,NA,NA,NA,NA,NA,NA,NA,NA,NA,NA,NA,NA,NA,NA,3,640.5,109.8,1,90,Full,NA,NA,NA,NA,NA,NA,NA,NA,NA,NA,NA,NA,NA,NA,NA,1,1
8PSPERU,27/02/2019,Peru,IDK,520,500,IDK,PS,NA,90,1,NA,NA,NA,NA,NA,NA,NA,NA,NA,NA,NA,NA,NA,NA,10,640.5,109.8,1,90,Less25,NA,NA,NA,NA,NA,NA,NA,NA,NA,NA,NA,NA,NA,NA,NA,1,1
9PSPERU,27/02/2019,Peru,IDK,IDK,320,IDK,PS,NA,180,1,NA,NA,NA,NA,NA,NA,NA,NA,NA,NA,NA,NA,NA,NA,3,640.5,109.8,1,90,Less25,NA,NA,NA,NA,NA,NA,NA,NA,NA,NA,NA,NA,NA,NA,NA,1,1
10PSPERU,27/02/2019,Peru,32,IDK,320,IDK,PS,NA,165,1,NA,NA,NA,NA,NA,NA,NA,NA,NA,NA,NA,NA,NA,NA,4,695.4,128.1,1,165,25to50,NA,NA,NA,NA,NA,NA,NA,NA,NA,NA,NA,NA,NA,NA,NA,1,1
11PSPERU,28/02/2019,Peru,80,520,420,IDK,PS,NA,70,1,NA,NA,NA,NA,NA,NA,NA,NA,NA,NA,NA,NA,NA,NA,5,677.1,146.4,1,70,Less25,NA,NA,NA,NA,NA,NA,NA,NA,NA,NA,NA,NA,NA,NA,NA,1,1
12PSPERU,28/02/2019,Peru,47,IDK,500,975kW,PS,NA,178,1,NA,NA,NA,NA,NA,NA,NA,NA,NA,NA,NA,NA,NA,NA,3,841.8,146.4,3,89,Less25,NA,NA,NA,NA,NA,NA,NA,NA,NA,NA,NA,NA,NA,NA,NA,1,1
13PSPERU,28/02/2019,Peru,IDK,IDK,320,IDK,PS,NA,180,1,NA,NA,NA,NA,NA,NA,NA,NA,NA,NA,NA,NA,NA,NA,4,677.1,128.1,1,180,Less25,NA,NA,NA,NA,NA,NA,NA,NA,NA,NA,NA,NA,NA,NA,NA,1,1
14PSPERU,1/3/2019,Peru,IDK,368,350,IDK,PS,NA,165,1,NA,NA,NA,NA,NA,NA,NA,NA,NA,NA,NA,NA,NA,NA,5,IDK,128.1,2,41.25,Less25,NA,NA,NA,NA,NA,NA,NA,NA,NA,NA,NA,NA,NA,NA,NA,1,1
15PSPERU,12/3/2019,Peru,50,IDK,420,IDK,PS,NA,150,2,NA,NA,NA,NA,NA,NA,NA,NA,NA,NA,NA,NA,NA,NA,3,695.4,109.8,1,75,Full,NA,NA,NA,NA,NA,NA,NA,NA,NA,NA,NA,NA,NA,NA,NA,1,2
1GNMOR,1-May-19,Morocco,5.88,1.52,NA,11.03248125,GN,GNS,71,1,2,15,100,4,3.5,5,Less25,NA,NA,NA,NA,NA,NA,NA,NA,NA,NA,NA,NA,NA,NA,NA,NA,NA,NA,NA,NA,NA,NA,NA,NA,NA,NA,NA,NA,NA,1
2GNMOR,1-May-19,Morocco,5.95,1.76,NA,11.03248125,GN,GTR,57,1,1,20,50,2,2,40,25to50,NA,NA,NA,NA,NA,NA,NA,NA,NA,NA,NA,NA,NA,NA,NA,NA,NA,NA,NA,NA,NA,NA,NA,NA,NA,NA,NA,NA,NA,1
3GNMOR,5-May-19,Morocco,6.08,1.79,NA,18.38746875,GN,GTR,97,1,1,30,50,2,3,10,Less25,NA,NA,NA,NA,NA,NA,NA,NA,NA,NA,NA,NA,NA,NA,NA,NA,NA,NA,NA,NA,NA,NA,NA,NA,NA,NA,NA,NA,NA,1
4GNMOR,4-May-19,Morocco,5.98,1.5,NA,11.03248125,GN,GNF,21,1,1,7,100,4,1,1,Less25,NA,NA,NA,NA,NA,NA,NA,NA,NA,NA,NA,NA,NA,NA,NA,NA,NA,NA,NA,NA,NA,NA,NA,NA,NA,NA,NA,NA,NA,1
5GNMOR,5-May-19,Morocco,5.6,1.44,NA,11.03248125,GN,GTR,92,1,1,15,100,1.5,5,1,Less25,NA,NA,NA,NA,NA,NA,NA,NA,NA,NA,NA,NA,NA,NA,NA,NA,NA,NA,NA,NA,NA,NA,NA,NA,NA,NA,NA,NA,NA,1
6GNMOR,6-May-19,Morocco,5.53,1.62,NA,11.03248125,GN,GND,30,2,3,30,50,50,4,8,Less25,NA,NA,NA,NA,NA,NA,NA,NA,NA,NA,NA,NA,NA,NA,NA,NA,NA,NA,NA,NA,NA,NA,NA,NA,NA,NA,NA,NA,NA,2
7GNMOR,6-May-19,Morocco,5.87,1.86,NA,11.03248125,GN,GNF,54,1,1,12,50,3,1,1,Less25,NA,NA,NA,NA,NA,NA,NA,NA,NA,NA,NA,NA,NA,NA,NA,NA,NA,NA,NA,NA,NA,NA,NA,NA,NA,NA,NA,NA,NA,1
8GNMOR,7-May-19,Morocco,5.87,1.57,NA,11.03248125,GN,GND,33,1,1,30,50,20,4,33,Less25,NA,NA,NA,NA,NA,NA,NA,NA,NA,NA,NA,NA,NA,NA,NA,NA,NA,NA,NA,NA,NA,NA,NA,NA,NA,NA,NA,NA,NA,1
9GNMOR,18-May-19,Morocco,12.86,17.18,NA,132.389775,GN,GND,16,2.5,1,30,50,60,1.5,4,Less25,NA,NA,NA,NA,NA,NA,NA,NA,NA,NA,NA,NA,NA,NA,NA,NA,NA,NA,NA,NA,NA,NA,NA,NA,NA,NA,NA,NA,NA,2.5
10GNMOR,20-May-19,Morocco,5.62,1.51,NA,11.03248125,GN,GND,82,2,2,36,50,40,2.5,10,Less25,NA,NA,NA,NA,NA,NA,NA,NA,NA,NA,NA,NA,NA,NA,NA,NA,NA,NA,NA,NA,NA,NA,NA,NA,NA,NA,NA,NA,NA,2
11GNMOR,21-May-19,Morocco,5.7,1.98,NA,11.03248125,GN,GND,94,1,1,13,50,40,2.5,94,Less25,NA,NA,NA,NA,NA,NA,NA,NA,NA,NA,NA,NA,NA,NA,NA,NA,NA,NA,NA,NA,NA,NA,NA,NA,NA,NA,NA,NA,NA,1
12GNMOR,21-May-19,Morocco,9.4,4.47,NA,33.8329425,GN,GND,18,1,1,30,50,30,2,18,Less25,NA,NA,NA,NA,NA,NA,NA,NA,NA,NA,NA,NA,NA,NA,NA,NA,NA,NA,NA,NA,NA,NA,NA,NA,NA,NA,NA,NA,NA,1
13GNMOR,21-May-19,Morocco,9.85,7.68,NA,91.93734375,GN,GND,10,1,1,28,50,26,1,1,Less25,NA,NA,NA,NA,NA,NA,NA,NA,NA,NA,NA,NA,NA,NA,NA,NA,NA,NA,NA,NA,NA,NA,NA,NA,NA,NA,NA,NA,NA,1
14GNMOR,21-May-19,Morocco,5.68,1.68,NA,11.03248125,GN,GNS,#VALUE!,1,2,30,50,4,1,20,25to50,NA,NA,NA,NA,NA,NA,NA,NA,NA,NA,NA,NA,NA,NA,NA,NA,NA,NA,NA,NA,NA,NA,NA,NA,NA,NA,NA,NA,NA,1
15GNMOR,21-May-19,Morocco,5.66,1.8,NA,18.38746875,GN,GND,22,1,1,20,50,4,0,1,Never,NA,NA,NA,NA,NA,NA,NA,NA,NA,NA,NA,NA,NA,NA,NA,NA,NA,NA,NA,NA,NA,NA,NA,NA,NA,NA,NA,NA,NA,1
1LLMOR,30-Apr-19,Morocco,10,11.08,NA,58.8399,LL,Demersal,84,1,NA,NA,NA,NA,NA,NA,NA,NA,NA,NA,NA,NA,NA,NA,NA,NA,NA,NA,NA,NA,NA,NA,NA,NA,NA,1,1800,0.9,60,48,1.8,24000,450,1,0.9,NA,1
2LLMOR,1-May-19,Morocco,5.7,1.51,NA,11.03248125,LL,"LLS, with jig",140,1,NA,NA,NA,NA,NA,NA,NA,NA,NA,NA,NA,NA,NA,NA,NA,NA,NA,NA,NA,NA,NA,NA,NA,NA,NA,3,NA,NA,NA,10,"30 to 40 % of 40 to 50 mainlines are lost every year, I loose 100 to 200 jigs, with 30 to 40% of the mainline of the lost jigs",NA,"13, represents 4 to 5 jigs",1,"0.108, 1 set includes 20 ML each 108 meters",NA,1
3LLMOR,1-May-19,Morocco,5.26,1.42,NA,11.03248125,LL,LLS,140,1,NA,NA,NA,NA,NA,NA,NA,NA,NA,NA,NA,NA,NA,NA,NA,NA,NA,NA,NA,NA,NA,NA,NA,NA,NA,2,5000,2.5,1,3,1.5,260,260,1,2.5,NA,1
4LLMOR,4-May-19,Morocco,5.38,1.43,NA,11.03248125,LL,Demersal,29,1,NA,NA,NA,NA,NA,NA,NA,NA,NA,NA,NA,NA,NA,NA,NA,NA,NA,NA,NA,NA,NA,NA,NA,NA,NA,1,1600,10,1,1,3,30,30,1,10,NA,1
5LLMOR,5-May-19,Morocco,5.5,1.35,NA,11.03248125,LL,Demersal,104,1,NA,NA,NA,NA,NA,NA,NA,NA,NA,NA,NA,NA,NA,NA,NA,NA,NA,NA,NA,NA,NA,NA,NA,NA,NA,1,1600,0.8,50,52,1.2,20000,500,1,0.8,NA,1
6LLMOR,5-May-19,Morocco,5.2,1.4,NA,11.03248125,LL,Demersal,98,1,NA,NA,NA,NA,NA,NA,NA,NA,NA,NA,NA,NA,NA,NA,NA,NA,NA,NA,NA,NA,NA,NA,NA,NA,NA,2,900,4.5,1.83,5,50,35,40,1,4.5,NA,1
7LLMOR,5-May-19,Morocco,13.42,16.3,NA,176.5197,LL,Demersal,56.25,3,NA,NA,NA,NA,NA,NA,NA,NA,NA,NA,NA,NA,NA,NA,NA,NA,NA,NA,NA,NA,NA,NA,NA,NA,NA,2,2700,4.63,1,6,20.835,250,300,3,4.63,NA,3
8LLMOR,6-May-19,Morocco,12.9,17.72,NA,194.9071687,LL,Demersal,75,1,NA,NA,NA,NA,NA,NA,NA,NA,NA,NA,NA,NA,NA,NA,NA,NA,NA,NA,NA,NA,NA,NA,NA,NA,NA,1,1500,2.5,60,4,11.25,5400,90,1,2.5,NA,1
9LLMOR,6-May-19,Morocco,20,17.57,NA,94.14384,LL,LLS and demersal,77,2,NA,NA,NA,NA,NA,NA,NA,NA,NA,NA,NA,NA,NA,NA,NA,NA,NA,NA,NA,NA,NA,NA,NA,NA,NA,3,7200,10,1,1,1.2,200,200,2,10,NA,2
10LLMOR,7-May-19,Morocco,6.5,2.06,NA,11.03248125,LL,Demersal,90,1,NA,NA,NA,NA,NA,NA,NA,NA,NA,NA,NA,NA,NA,NA,NA,NA,NA,NA,NA,NA,NA,NA,NA,NA,NA,1,3000,4.5,1.5,2,11.25,20,20,1,4.5,NA,1
11LLMOR,7-May-19,Morocco,12,20.35,NA,200.05566,LL,Demersal,103,2.5,NA,NA,NA,NA,NA,NA,NA,NA,NA,NA,NA,NA,NA,NA,NA,NA,NA,NA,NA,NA,NA,NA,NA,NA,NA,2,4050,5.556,1,10,2.2224,270,270,2.5,5.556,NA,2.5
12LLMOR,18-May-19,Morocco,13.6,17.46,NA,58.8399,LL,LLS and demersal,45,2.5,NA,NA,NA,NA,NA,NA,NA,NA,NA,NA,NA,NA,NA,NA,NA,NA,NA,NA,NA,NA,NA,NA,NA,NA,NA,3,2250,3.704,1,18,16.668,200,300,2.5,7.408,NA,2.5
13LLMOR,20-May-19,Morocco,11.5,9.93,NA,58.8399,LL,LLS,21,2,NA,NA,NA,NA,NA,NA,NA,NA,NA,NA,NA,NA,NA,NA,NA,NA,NA,NA,NA,NA,NA,NA,NA,NA,NA,8,4000,10,1,21,8,200,200,2,10,NA,2
14LLMOR,20-May-19,Morocco,5.8,1.8,NA,11.03248125,LL,Demersal,76,1,NA,NA,NA,NA,NA,NA,NA,NA,NA,NA,NA,NA,NA,NA,NA,NA,NA,NA,NA,NA,NA,NA,NA,NA,NA,5,240,1,75,10,15,30,30,1,1,NA,1
15LLMOR,21-May-19,Morocco,12.5,17.9,NA,97.82133375,LL,LLS,33,1,NA,NA,NA,NA,NA,NA,NA,NA,NA,NA,NA,NA,NA,NA,NA,NA,NA,NA,NA,NA,NA,NA,NA,NA,NA,3,200,3.6,50,1,3.6,22.5,23,1,3.6,NA,1
1PSMOR,1-May-19,Morocco,9.5,4.78,NA,11.03248125,PS,PS,13,1,NA,NA,NA,NA,NA,NA,NA,NA,NA,NA,NA,NA,NA,NA,1,550,70,3,5.2,Less25,NA,NA,NA,NA,NA,NA,NA,NA,NA,NA,NA,NA,NA,NA,NA,2,1
2PSMOR,1-May-19,Morocco,9,4.25,NA,11.03248125,PS,PS,14,1,NA,NA,NA,NA,NA,NA,NA,NA,NA,NA,NA,NA,NA,NA,2,490,55,2.5,5.6,Less25,NA,NA,NA,NA,NA,NA,NA,NA,NA,NA,NA,NA,NA,NA,NA,2,1
3PSMOR,2-May-19,Morocco,17,51.33,NA,279.489525,PS,PS,161,1,NA,NA,NA,NA,NA,NA,NA,NA,NA,NA,NA,NA,NA,NA,6,500,57.5,2.5,64.4,Less25,NA,NA,NA,NA,NA,NA,NA,NA,NA,NA,NA,NA,NA,NA,NA,2,1
4PSMOR,2-May-19,Morocco,19,35,NA,257.4245625,PS,PS,182,1,NA,NA,NA,NA,NA,NA,NA,NA,NA,NA,NA,NA,NA,NA,4,775,80,6,72.8,Less25,NA,NA,NA,NA,NA,NA,NA,NA,NA,NA,NA,NA,NA,NA,NA,2,1
5PSMOR,3-May-19,Morocco,17,57.54,NA,255.953565,PS,PS,152,1,NA,NA,NA,NA,NA,NA,NA,NA,NA,NA,NA,NA,NA,NA,3,700,133.5,4,60.8,25to50,NA,NA,NA,NA,NA,NA,NA,NA,NA,NA,NA,NA,NA,NA,NA,2,1
6PSMOR,3-May-19,Morocco,15,29.22,NA,132.389775,PS,PS,138,1,NA,NA,NA,NA,NA,NA,NA,NA,NA,NA,NA,NA,NA,NA,3,700,70,3,55.2,25to50,NA,NA,NA,NA,NA,NA,NA,NA,NA,NA,NA,NA,NA,NA,NA,1,1
7PSMOR,4-May-19,Morocco,25.1,85.2,NA,176.5197,PS,PS,136,1,NA,NA,NA,NA,NA,NA,NA,NA,NA,NA,NA,NA,NA,NA,3,775,150,3.5,54.4,25to50,NA,NA,NA,NA,NA,NA,NA,NA,NA,NA,NA,NA,NA,NA,NA,2,1
8PSMOR,4-May-19,Morocco,16.42,28.5,NA,176.5197,PS,PS,150,1,NA,NA,NA,NA,NA,NA,NA,NA,NA,NA,NA,NA,NA,NA,4,525,60,2.5,60,Less25,NA,NA,NA,NA,NA,NA,NA,NA,NA,NA,NA,NA,NA,NA,NA,2,1
9PSMOR,5-May-19,Morocco,18,50,NA,330.9744375,PS,PS,136,1,NA,NA,NA,NA,NA,NA,NA,NA,NA,NA,NA,NA,NA,NA,4,750,70,3,54.4,25to50,NA,NA,NA,NA,NA,NA,NA,NA,NA,NA,NA,NA,NA,NA,NA,2,1
10PSMOR,6-May-19,Morocco,15.9,29.9,NA,176.5197,PS,PS,117,1,NA,NA,NA,NA,NA,NA,NA,NA,NA,NA,NA,NA,NA,NA,4,870,117,5.5,46.8,25to50,NA,NA,NA,NA,NA,NA,NA,NA,NA,NA,NA,NA,NA,NA,NA,2,1
11PSMOR,18-May-19,Morocco,18.4,48.04,NA,233.8886025,PS,PS,180,1,NA,NA,NA,NA,NA,NA,NA,NA,NA,NA,NA,NA,NA,NA,3,700,40,4,72,25to50,NA,NA,NA,NA,NA,NA,NA,NA,NA,NA,NA,NA,NA,NA,NA,1,1
12PSMOR,22-May-19,Morocco,16.77,37.84,NA,230.2111088,PS,PS,121,1,NA,NA,NA,NA,NA,NA,NA,NA,NA,NA,NA,NA,NA,NA,3,500,75,3.5,48.4,25to50,NA,NA,NA,NA,NA,NA,NA,NA,NA,NA,NA,NA,NA,NA,NA,1,1
13PSMOR,22-May-19,Morocco,23.94,90.94,NA,367.749375,PS,PS,157,1,NA,NA,NA,NA,NA,NA,NA,NA,NA,NA,NA,NA,NA,NA,3,500,70,5,62.8,25to50,NA,NA,NA,NA,NA,NA,NA,NA,NA,NA,NA,NA,NA,NA,NA,1,1
14PSMOR,23-May-19,Morocco,21.37,55.74,NA,294.1995,PS,PS,162,1,NA,NA,NA,NA,NA,NA,NA,NA,NA,NA,NA,NA,NA,NA,3,650,50,3.5,64.8,Less25,NA,NA,NA,NA,NA,NA,NA,NA,NA,NA,NA,NA,NA,NA,NA,1,1
15PSMOR,23-May-19,Morocco,20,70,NA,367.749375,PS,PS,42,1,NA,NA,NA,NA,NA,NA,NA,NA,NA,NA,NA,NA,NA,NA,3,600,37.5,3.5,16.8,25to50,NA,NA,NA,NA,NA,NA,NA,NA,NA,NA,NA,NA,NA,NA,NA,2,1
1TRMOR,5-May-19,Morocco,18.89,59.6,NA,176.5197,T,Demersal,117,2.5,NA,NA,NA,NA,NA,NA,NA,3,1,42,25,1,14,25to50,NA,NA,NA,NA,NA,NA,NA,NA,NA,NA,NA,NA,NA,NA,NA,NA,NA,NA,NA,NA,NA,NA,2.5
2TRMOR,6-May-19,Morocco,17,55.42,NA,316.2644625,T,Demersal,60,3,NA,NA,NA,NA,NA,NA,NA,3,1,63,20,1,1,25to50,NA,NA,NA,NA,NA,NA,NA,NA,NA,NA,NA,NA,NA,NA,NA,NA,NA,NA,NA,NA,NA,NA,3
3TRMOR,6-May-19,Morocco,21.25,97.15,NA,345.6844125,T,Demersal,58,1,NA,NA,NA,NA,NA,NA,NA,2,1,14,40,1,2,25to50,NA,NA,NA,NA,NA,NA,NA,NA,NA,NA,NA,NA,NA,NA,NA,NA,NA,NA,NA,NA,NA,NA,1
4TRMOR,6-May-19,Morocco,21,86.69,NA,441.29925,T,Demersal,52,3,NA,NA,NA,NA,NA,NA,NA,3,1,42,25,2,10,25to50,NA,NA,NA,NA,NA,NA,NA,NA,NA,NA,NA,NA,NA,NA,NA,NA,NA,NA,NA,NA,NA,NA,3
5TRMOR,6-May,Morocco,20.77,57.55,NA,330.9744375,T,Demersal,73,4,NA,NA,NA,NA,NA,NA,NA,3,1,34,37,1,10,25to50,NA,NA,NA,NA,NA,NA,NA,NA,NA,NA,NA,NA,NA,NA,NA,NA,NA,NA,NA,NA,NA,NA,4
6TRMOR,18-May-19,Morocco,16.54,32.72,NA,220.649625,T,Demersal,178,2,NA,NA,NA,NA,NA,NA,NA,3,1,30,16,1,10,25to50,NA,NA,NA,NA,NA,NA,NA,NA,NA,NA,NA,NA,NA,NA,NA,NA,NA,NA,NA,NA,NA,NA,2
7TRMOR,18-May-19,Morocco,18,29,NA,220.649625,T,Demersal,178,2,NA,NA,NA,NA,NA,NA,NA,3,1,32,16,1,1,25to50,NA,NA,NA,NA,NA,NA,NA,NA,NA,NA,NA,NA,NA,NA,NA,NA,NA,NA,NA,NA,NA,NA,2
8TRMOR,19-May-19,Morocco,18.8,48.53,NA,294.1995,T,Demersal,119,2,NA,NA,NA,NA,NA,NA,NA,4,1,44,14,1,10,25to50,NA,NA,NA,NA,NA,NA,NA,NA,NA,NA,NA,NA,NA,NA,NA,NA,NA,NA,NA,NA,NA,NA,2
9TRMOR,20-May-19,Morocco,20.6,58.07,NA,330.9744375,T,Demersal,169,1.5,NA,NA,NA,NA,NA,NA,NA,3,1,15,15,2,10,Less25,NA,NA,NA,NA,NA,NA,NA,NA,NA,NA,NA,NA,NA,NA,NA,NA,NA,NA,NA,NA,NA,NA,1.5
10TRMOR,20-May-19,Morocco,17,28,NA,220.649625,T,Demersal,178,3,NA,NA,NA,NA,NA,NA,NA,3,1,32,14,1,8,25to50,NA,NA,NA,NA,NA,NA,NA,NA,NA,NA,NA,NA,NA,NA,NA,NA,NA,NA,NA,NA,NA,NA,3
11TRMOR,21-May-19,Morocco,16.35,36.94,NA,183.8746875,T,Demersal,172,1,NA,NA,NA,NA,NA,NA,NA,3,1,42,15,1,8,Less25,NA,NA,NA,NA,NA,NA,NA,NA,NA,NA,NA,NA,NA,NA,NA,NA,NA,NA,NA,NA,NA,NA,1
12TRMOR,22-May-19,Morocco,21.27,53.31,NA,279.489525,T,Demersal,82,3,NA,NA,NA,NA,NA,NA,NA,5,1,30,14,1,15,25to50,NA,NA,NA,NA,NA,NA,NA,NA,NA,NA,NA,NA,NA,NA,NA,NA,NA,NA,NA,NA,NA,NA,3
13TRMOR,22-May-19,Morocco,21.65,50.21,NA,279.489525,T,Demersal,119,4,NA,NA,NA,NA,NA,NA,NA,2,1,38,25,1,14,25to50,NA,NA,NA,NA,NA,NA,NA,NA,NA,NA,NA,NA,NA,NA,NA,NA,NA,NA,NA,NA,NA,NA,4
14TRMOR,22-May-19,Morocco,22.48,70.11,NA,367.749375,T,Demersal,82,2.5,NA,NA,NA,NA,NA,NA,NA,5,1,25,25,2,10,25to50,NA,NA,NA,NA,NA,NA,NA,NA,NA,NA,NA,NA,NA,NA,NA,NA,NA,NA,NA,NA,NA,NA,2.5
15TRMOR,23-May-19,Morocco,19.32,39.19,NA,242.7145875,T,Demersal,93,1,NA,NA,NA,NA,NA,NA,NA,4,1,26,27,1,10,25to50,NA,NA,NA,NA,NA,NA,NA,NA,NA,NA,NA,NA,NA,NA,NA,NA,NA,NA,NA,NA,NA,NA,1
1PTMOR,4-May-19,Morocco,5.85,1.67,NA,11.03248125,PT,PT,92,1,NA,NA,NA,NA,NA,NA,NA,NA,NA,NA,NA,NA,NA,NA,NA,NA,NA,NA,NA,NA,100,30,13,46,30,NA,NA,NA,NA,NA,NA,NA,NA,NA,NA,NA,1
2PTMOR,5-May-19,Morocco,6.08,1.79,NA,18.38746875,PT,PT,97,1,NA,NA,NA,NA,NA,NA,NA,NA,NA,NA,NA,NA,NA,NA,NA,NA,NA,NA,NA,NA,120,24,7,48.5,10,NA,NA,NA,NA,NA,NA,NA,NA,NA,NA,NA,1
3PTMOR,5-May-19,Morocco,5.6,1.44,NA,11.03248125,PT,PT,92,1,NA,NA,NA,NA,NA,NA,NA,NA,NA,NA,NA,NA,NA,NA,NA,NA,NA,NA,NA,NA,72,24,3,46,8,NA,NA,NA,NA,NA,NA,NA,NA,NA,NA,NA,1
4PTMOR,5-May-19,Morocco,5,1.48,NA,11.03248125,PT,PT,107,1,NA,NA,NA,NA,NA,NA,NA,NA,NA,NA,NA,NA,NA,NA,NA,NA,NA,NA,NA,NA,100,20,3,10,10,NA,NA,NA,NA,NA,NA,NA,NA,NA,NA,NA,1
5PTMOR,5-May-19,Morocco,5.73,1.65,NA,11.03248125,PT,PT,33,1,NA,NA,NA,NA,NA,NA,NA,NA,NA,NA,NA,NA,NA,NA,NA,NA,NA,NA,NA,NA,100,20,2,16,8,NA,NA,NA,NA,NA,NA,NA,NA,NA,NA,NA,1
6PTMOR,6-May-19,Morocco,5.57,1.33,NA,11.03248125,PT,PT,33,1,NA,NA,NA,NA,NA,NA,NA,NA,NA,NA,NA,NA,NA,NA,NA,NA,NA,NA,NA,NA,100,20,3,10,10,NA,NA,NA,NA,NA,NA,NA,NA,NA,NA,NA,1
7PTMOR,18-May-19,Morocco,6,1.96,NA,33.09744375,PT,PT,67,1,NA,NA,NA,NA,NA,NA,NA,NA,NA,NA,NA,NA,NA,NA,NA,NA,NA,NA,NA,NA,80,20,5,33.5,10,NA,NA,NA,NA,NA,NA,NA,NA,NA,NA,NA,1
8PTMOR,19-May-19,Morocco,5.12,1.72,NA,18.38746875,PT,PT,78,1,NA,NA,NA,NA,NA,NA,NA,NA,NA,NA,NA,NA,NA,NA,NA,NA,NA,NA,NA,NA,100,25,6,39,8,NA,NA,NA,NA,NA,NA,NA,NA,NA,NA,NA,1
9PTMOR,19-May-19,Morocco,5.62,2,NA,11.03248125,PT,PT,71,1,NA,NA,NA,NA,NA,NA,NA,NA,NA,NA,NA,NA,NA,NA,NA,NA,NA,NA,NA,NA,80,25,4,35.5,8,NA,NA,NA,NA,NA,NA,NA,NA,NA,NA,NA,1
10PTMOR,20-May-19,Morocco,8.96,4.96,NA,55.897905,PT,PT,#VALUE!,1,NA,NA,NA,NA,NA,NA,NA,NA,NA,NA,NA,NA,NA,NA,NA,NA,NA,NA,NA,NA,30,30,2,10,10,NA,NA,NA,NA,NA,NA,NA,NA,NA,NA,NA,1
11PTMOR,21-May-19,Morocco,4.8,1.57,NA,11.03248125,PT,PT,92,1,NA,NA,NA,NA,NA,NA,NA,NA,NA,NA,NA,NA,NA,NA,NA,NA,NA,NA,NA,NA,100,20,3,46,6,NA,NA,NA,NA,NA,NA,NA,NA,NA,NA,NA,1
12PTMOR,21-May-19,Morocco,9.85,7.68,NA,91.93734375,PT,PT,10,1,NA,NA,NA,NA,NA,NA,NA,NA,NA,NA,NA,NA,NA,NA,NA,NA,NA,NA,NA,NA,30,30,6,10,10,NA,NA,NA,NA,NA,NA,NA,NA,NA,NA,NA,1
13PTMOR,21-May-19,Morocco,12.3,12.55,NA,110.3248125,PT,PT,25,1,NA,NA,NA,NA,NA,NA,NA,NA,NA,NA,NA,NA,NA,NA,NA,NA,NA,NA,NA,NA,100,50,2,1,27,NA,NA,NA,NA,NA,NA,NA,NA,NA,NA,NA,1
14PTMOR,21-May-19,Morocco,9.4,4.47,NA,33.8329425,PT,PT,17,1,NA,NA,NA,NA,NA,NA,NA,NA,NA,NA,NA,NA,NA,NA,NA,NA,NA,NA,NA,NA,30,30,2,1,7,NA,NA,NA,NA,NA,NA,NA,NA,NA,NA,NA,1
15PTMOR,21-May-19,Morocco,12.86,17.18,NA,132.389775,PT,PT,11,1,NA,NA,NA,NA,NA,NA,NA,NA,NA,NA,NA,NA,NA,NA,NA,NA,NA,NA,NA,NA,40,40,4,5,8,NA,NA,NA,NA,NA,NA,NA,NA,NA,NA,NA,1
1PTNZ,18-Mar-19,New Zealand,18,40,1800 kg,447.422,PT,PT,210,7,NA,NA,NA,NA,NA,NA,NA,NA,NA,NA,NA,NA,NA,NA,NA,NA,NA,NA,NA,NA,90,1,1,1,20,NA,NA,NA,NA,NA,NA,NA,NA,NA,NA,NA,7
2PTNZ,18-Mar-19,New Zealand,6.5,2.5,300 kg,85.7555,PT,PT,116,1,NA,NA,NA,NA,NA,NA,NA,NA,NA,NA,NA,NA,NA,NA,NA,NA,NA,NA,NA,NA,155,1,11,100,10,NA,NA,NA,NA,NA,NA,NA,NA,NA,NA,NA,1
3PTNZ,24-Mar-19,New Zealand,15.24,36,10 tonnes,178.968,PT,PT,150,1,NA,NA,NA,NA,NA,NA,NA,NA,NA,NA,NA,NA,NA,NA,NA,NA,NA,NA,NA,NA,90,1,5,20,5,NA,NA,NA,NA,NA,NA,NA,NA,NA,NA,NA,1
4PTNZ,25-Mar-19,New Zealand,8.5,4,1 tonne,37.285,PT,PT,80,1,NA,NA,NA,NA,NA,NA,NA,NA,NA,NA,NA,NA,NA,NA,NA,NA,NA,NA,NA,NA,100,1,2,100,2,NA,NA,NA,NA,NA,NA,NA,NA,NA,NA,NA,1
5PTNZ,25-Mar-19,New Zealand,9,3,1 tonne,335.565,PT,PT,150,1,NA,NA,NA,NA,NA,NA,NA,NA,NA,NA,NA,NA,NA,NA,NA,NA,NA,NA,NA,NA,100,1,1,100,2,NA,NA,NA,NA,NA,NA,NA,NA,NA,NA,NA,1
6PTNZ,29-Mar-19,New Zealand,20,40,40 tonne,745.7,PT,PT,76,4,NA,NA,NA,NA,NA,NA,NA,NA,NA,NA,NA,NA,NA,NA,NA,NA,NA,NA,NA,NA,130,1,1,1,20,NA,NA,NA,NA,NA,NA,NA,NA,NA,NA,NA,4
7PTNZ,1-Apr-19,New Zealand,16.3,25,450 kg,633.845,PT,PT,160,3,NA,NA,NA,NA,NA,NA,NA,NA,NA,NA,NA,NA,NA,NA,NA,NA,NA,NA,NA,NA,130,1,1,20,7,NA,NA,NA,NA,NA,NA,NA,NA,NA,NA,NA,3
8PTNZ,2-Apr-19,New Zealand,11,10,700 kg,447.42,PT,PT,205,1,NA,NA,NA,NA,NA,NA,NA,NA,NA,NA,NA,NA,NA,NA,NA,NA,NA,NA,NA,NA,150,1,1,15,20,NA,NA,NA,NA,NA,NA,NA,NA,NA,NA,NA,1
9PTNZ,2-Apr-19,New Zealand,7,3,800 kg,205.067,PT,PT,80,1,NA,NA,NA,NA,NA,NA,NA,NA,NA,NA,NA,NA,NA,NA,NA,NA,NA,NA,NA,NA,120,1,1,100,1,NA,NA,NA,NA,NA,NA,NA,NA,NA,NA,NA,1
10PTNZ,8-Apr-19,New Zealand,8.5,4,200 kg,264.723,PT,PT,45,2,NA,NA,NA,NA,NA,NA,NA,NA,NA,NA,NA,NA,NA,NA,NA,NA,NA,NA,NA,NA,125,1,6,45,6,NA,NA,NA,NA,NA,NA,NA,NA,NA,NA,NA,2
11PTNZ,10-Apr-19,New Zealand,12.5,13,3 tonne,119.312,PT,PT,165,3,NA,NA,NA,NA,NA,NA,NA,NA,NA,NA,NA,NA,NA,NA,NA,NA,NA,NA,NA,NA,300,1,2,1,10,NA,NA,NA,NA,NA,NA,NA,NA,NA,NA,NA,3
12PTNZ,20-May-19,New Zealand,10,6,0.5 tonne,328.1,PT,PT,85,1,NA,NA,NA,NA,NA,NA,NA,NA,NA,NA,NA,NA,NA,NA,NA,NA,NA,NA,NA,NA,80,1,10,85,10,NA,NA,NA,NA,NA,NA,NA,NA,NA,NA,NA,1
13PTNZ,27-May-19,New Zealand,16.5,32,1.5 tonne,372.85,PT,PT,120,13,NA,NA,NA,NA,NA,NA,NA,NA,NA,NA,NA,NA,NA,NA,NA,NA,NA,NA,NA,NA,50,1,8,15,8,NA,NA,NA,NA,NA,NA,NA,NA,NA,NA,NA,13
14PTNZ,27-May-19,New Zealand,12,17,1 tonne,201.339,PT,PT,97,1,NA,NA,NA,NA,NA,NA,NA,NA,NA,NA,NA,NA,NA,NA,NA,NA,NA,NA,NA,NA,160,1,1,1,80,NA,NA,NA,NA,NA,NA,NA,NA,NA,NA,NA,1
15PTNZ,30-May-19,New Zealand,9,12,0.5 tonne,89.484,PT,PT,240,5,NA,NA,NA,NA,NA,NA,NA,NA,NA,NA,NA,NA,NA,NA,NA,NA,NA,NA,NA,NA,135,1,NA,NA,50,NA,NA,NA,NA,NA,NA,NA,NA,NA,NA,NA,5
1LLNZ,10-Mar-19,New Zealand,16,50,32 cubic metres,246.081,LL,LLS,96,8,NA,NA,NA,NA,NA,NA,NA,NA,NA,NA,NA,NA,NA,NA,NA,NA,NA,NA,NA,NA,NA,NA,NA,NA,NA,5,450,5.5,1.45,12,0.325,333.5,350,8,1.1,NA,8
2LLNZ,11-Mar-19,New Zealand,11.4,18,2 tonne,89.484,LL,LLS,174,2,NA,NA,NA,NA,NA,NA,NA,NA,NA,NA,NA,NA,NA,NA,NA,NA,NA,NA,NA,NA,NA,NA,NA,NA,NA,1,1500,4.63,0.6,1,0.926,6,12,2,4.63,NA,2
3LLNZ,19-Mar-19,New Zealand,23.95,220,45 tonnes,180,LL,LLS,180,8,NA,NA,NA,NA,NA,NA,NA,NA,NA,NA,NA,NA,NA,NA,NA,NA,NA,NA,NA,NA,NA,NA,NA,NA,NA,4,1350,8.8896,0.6,2,8.334,120,200,8,4.4448,NA,8
4LLNZ,20-Mar-19,New Zealand,20,80,20 tonnes,298.28,LL,LLS,105,7,NA,NA,NA,NA,NA,NA,NA,NA,NA,NA,NA,NA,NA,NA,NA,NA,NA,NA,NA,NA,NA,NA,NA,NA,NA,1,1200,55.56,12,0,0,0,25,7,55.56,NA,7
5LLNZ,21-Mar-19,New Zealand,18.2,34,12 tonnes,335.565,LL,LLS,138,7,NA,NA,NA,NA,NA,NA,NA,NA,NA,NA,NA,NA,NA,NA,NA,NA,NA,NA,NA,NA,NA,NA,NA,NA,NA,5,400,NA,0.45,7,20,500,500,7,1,NA,7
6LLNZ,1-Apr-19,New Zealand,17,55,12 tonnes,223.71,LL,LLS,320,3.5,NA,NA,NA,NA,NA,NA,NA,NA,NA,NA,NA,NA,NA,NA,NA,NA,NA,NA,NA,NA,NA,NA,NA,NA,NA,1,4250,13.89,0.8,0,0.25,NA,600,3.5,13.89,NA,3.5
7LLNZ,20-Apr-19,New Zealand,13,41,2 tonnes,387.764,LL,LLS,255,2,NA,NA,NA,NA,NA,NA,NA,NA,NA,NA,NA,NA,NA,NA,NA,NA,NA,NA,NA,NA,NA,NA,NA,NA,NA,1,2500,8.334,0.4,0,10,100,300,2,8.334,NA,2
8LLNZ,23-Apr-19,New Zealand,14.8,40,10 tonnes,178,LL,LLS,220,1,NA,NA,NA,NA,NA,NA,NA,NA,NA,NA,NA,NA,NA,NA,NA,NA,NA,NA,NA,NA,NA,NA,NA,NA,NA,1,3800,16.668,0.6,NA,11.5,NA,150,1,16.668,NA,1
9LLNZ,13-May-19,New Zealand,21.4,75,20 tonnes,335.565,LL,LLS,220,7,NA,NA,NA,NA,NA,NA,NA,NA,NA,NA,NA,NA,NA,NA,NA,NA,NA,NA,NA,NA,NA,NA,NA,NA,NA,2,1700,4.4448,0.3048,0,0,0,10,7,4.4448,NA,7
10LLNZ,13-May-19,New Zealand,16.5,80,14 tonnes,320,LL,LLS,62,5,NA,NA,NA,NA,NA,NA,NA,NA,NA,NA,NA,NA,NA,NA,NA,NA,NA,NA,NA,NA,NA,NA,NA,NA,NA,4,400,27.4096,0.6,NA,5,60,50,5,6.8524,NA,5
11LLNZ,14-May-19,New Zealand,13.4,40,7 tonnes,193.882,LL,LLS,255,4,NA,NA,NA,NA,NA,NA,NA,NA,NA,NA,NA,NA,NA,NA,NA,NA,NA,NA,NA,NA,NA,NA,NA,NA,NA,2,3000,11.112,0.55,0,6,0,450,4,11.112,NA,4
12LLNZ,18-May-19,New Zealand,15,40,8 tonnes,171.511,LL,P,140,7,NA,NA,NA,NA,NA,NA,NA,NA,NA,NA,NA,NA,NA,NA,NA,NA,NA,NA,NA,NA,NA,NA,NA,NA,NA,1,500,37.04,14,0,0,0,50,7,37.04,NA,7
13LLNZ,21-May-19,New Zealand,16.5,60,15 tonnes,186.425,LL,LLS,180,7.5,NA,NA,NA,NA,NA,NA,NA,NA,NA,NA,NA,NA,NA,NA,NA,NA,NA,NA,NA,NA,NA,NA,NA,NA,NA,5.5,350,9.1674,0.35,0,13,87.5,450,7.5,1.6668,NA,7.5
14LLNZ,22-May-19,New Zealand,16.5,60,18 tonnes,280,LL,P,215,10,NA,NA,NA,NA,NA,NA,NA,NA,NA,NA,NA,NA,NA,NA,NA,NA,NA,NA,NA,NA,NA,NA,NA,NA,NA,1,1200,74.08,18,0,0,1000,200,10,74.08,NA,10
15LLNZ,10-Mar-19,New Zealand,16,50,32 cubic metres,246.081,LL,P,70,8,NA,NA,NA,NA,NA,NA,NA,NA,NA,NA,NA,NA,NA,NA,NA,NA,NA,NA,NA,NA,NA,NA,NA,NA,NA,1,1300,55.56,13,0.5,3.704,0,50,8,55.56,NA,8
1LLBEL,Feb 5 2019,Belize,NA,NA,NA,NA,HANDLINE,SEE ORIGINAL SURVEY,#VALUE!,NA,NA,NA,NA,NA,NA,NA,NA,NA,NA,NA,NA,NA,NA,NA,NA,NA,NA,NA,NA,NA,NA,NA,NA,NA,NA,NA,NA,NA,NA,NA,NA,NA,NA,NA,NA,NA,NA
2LLBEL,Feb 5 2019,Belize,13,5,5T,44.742,LL,LLS,270,7.5,NA,NA,NA,NA,NA,NA,NA,NA,NA,NA,NA,NA,NA,NA,NA,NA,NA,NA,NA,NA,NA,NA,NA,NA,NA,30,60,2.742,NA,0,0,10.5,12,7.5,2.742,NA,7.5
3LLBEL,Feb 6 2019,Belize,7.3,1.5,1.7 T,18.6425,LL,LLS,360,5,NA,NA,NA,NA,NA,NA,NA,NA,NA,NA,NA,NA,NA,NA,NA,NA,NA,NA,NA,NA,NA,NA,NA,NA,NA,10,10,0.609,1.5,0,0.3,4,2,5,0.609,NA,5
4LLBEL,Feb 6 2019,Belize,7.3,1.5,1.5 T,37.285,LL,P,360,3,NA,NA,NA,NA,NA,NA,NA,NA,NA,NA,NA,NA,NA,NA,NA,NA,NA,NA,NA,NA,NA,NA,NA,NA,NA,10,12,0.61,1,0,0,2,5,3,0.61,NA,3
5LLBEL,Feb 6 2019,Belize,7.3,1.5,1 T,44.742,LL,LLS,280,4,NA,NA,NA,NA,NA,NA,NA,NA,NA,NA,NA,NA,NA,NA,NA,NA,NA,NA,NA,NA,NA,NA,NA,NA,NA,NA,NA,NA,NA,NA,NA,NA,NA,NA,NA,NA,NA
6LLBEL,Feb 9 2019,Belize,7.6,1.5,0.5 T,37.285,LL,LLS,90,1,NA,NA,NA,NA,NA,NA,NA,NA,NA,NA,NA,NA,NA,NA,NA,NA,NA,NA,NA,NA,NA,NA,NA,NA,NA,15,20,0.366,0.3,4,1.83,6,20,1,0.366,NA,1
7LLBEL,Feb 9 2019,Belize,14,50,NA,279,LL,LLD,180,8.5,NA,NA,NA,NA,NA,NA,NA,NA,NA,NA,NA,NA,NA,NA,NA,NA,NA,NA,NA,NA,NA,NA,NA,NA,NA,1,200,23.335,1.5,1,0,0,0,8.5,23.335,NA,8.5
8LLBEL,Feb 9 2019,Belize,7.6,1.5,2 T,55.9275,LL,"LLS, LLD",160,14,NA,NA,NA,NA,NA,NA,NA,NA,NA,NA,NA,NA,NA,NA,NA,NA,NA,NA,NA,NA,NA,NA,NA,NA,NA,3,150,1.61,2,0,0,61,50,14,1.61,NA,14
9LLBEL,Feb 10 2019,Belize,7,1.5,2 T,44.742,LL,LLD,360,14,NA,NA,NA,NA,NA,NA,NA,NA,NA,NA,NA,NA,NA,NA,NA,NA,NA,NA,NA,NA,NA,NA,NA,NA,NA,10,4,0.3,0.5,1,0.1,NA,30,14,0.3,NA,14
10LLBEL,Feb 12 2019,Belize,9.4,2.5,1.5 T,372.85,LL,LLS,360,6,NA,NA,NA,NA,NA,NA,NA,NA,NA,NA,NA,NA,NA,NA,NA,NA,NA,NA,NA,NA,NA,NA,NA,NA,NA,40,50,0.305,NA,0,0.15,10,10,6,0.305,NA,6
11LLBEL,Feb 12 2019,Belize,18.2,NA,10 T,193.882,LL,LLS,360,15,NA,NA,NA,NA,NA,NA,NA,NA,NA,NA,NA,NA,NA,NA,NA,NA,NA,NA,NA,NA,NA,NA,NA,NA,NA,8,100,0.305,0.6,0,NA,1.5,30,15,0.305,NA,15
12LLBEL,Feb 15 2019,Belize,7.6,1.5,1 MT,29.828,LL,LLS,360,4,NA,NA,NA,NA,NA,NA,NA,NA,NA,NA,NA,NA,NA,NA,NA,NA,NA,NA,NA,NA,NA,NA,NA,NA,NA,16.5,200,0.305,0.45,1.5,3,0,18,4,0.305,NA,4
13LLBEL,Feb 15 2019,Belize,7.6,1.5,1 MT,29.828,LL,LLS,360,4,NA,NA,NA,NA,NA,NA,NA,NA,NA,NA,NA,NA,NA,NA,NA,NA,NA,NA,NA,NA,NA,NA,NA,NA,NA,16.5,200,1.048,0.45,2,3,5,24,4,0.305,NA,4
14LLBEL,Feb 15 2019,Belize,7.6,1.5,1 MT,29.828,LL,LLS,360,4,NA,NA,NA,NA,NA,NA,NA,NA,NA,NA,NA,NA,NA,NA,NA,NA,NA,NA,NA,NA,NA,NA,NA,NA,NA,16.5,200,0.305,0.45,2,3,15,12,4,0.305,NA,4
15LLBEL,Feb 15 2019,Belize,8.3,1.5,1 MT,29.828,LL,Semi-pelagic,360,4,NA,NA,NA,NA,NA,NA,NA,NA,NA,NA,NA,NA,NA,NA,NA,NA,NA,NA,NA,NA,NA,NA,NA,NA,NA,4,250,0.122,0.45,6,0.1,20,25,4,0.122,NA,4
16LLBEL,Feb 15 2019,Belize,7.6,1.5,1 MT,29.828,LL,Semi-pelagic,360,4,NA,NA,NA,NA,NA,NA,NA,NA,NA,NA,NA,NA,NA,NA,NA,NA,NA,NA,NA,NA,NA,NA,NA,NA,NA,7,250,0.122,0.45,4,0.1,27.5,25,4,0.122,NA,4
17LLBEL,Feb 15 2019,Belize,8.3,1.5,1 MT,44.742,LL,Semi-pelagic,360,4,NA,NA,NA,NA,NA,NA,NA,NA,NA,NA,NA,NA,NA,NA,NA,NA,NA,NA,NA,NA,NA,NA,NA,NA,NA,7,250,0.122,0.45,3.5,0.1,5,50,4,0.122,NA,4
1GNBEL,Feb 6 2019,Belize,7.3,1.5,1.5 T,37.285,GN,GNF,160,1,2,10,300,7.5,5,160,Less25,NA,NA,NA,NA,NA,NA,NA,NA,NA,NA,NA,NA,NA,NA,NA,NA,NA,NA,NA,NA,NA,NA,NA,NA,NA,NA,NA,NA,NA,1
2GNBEL,Feb 9 2019,Belize,7,1.5,0.5 T,44.742,GN,GNF,390,8,2,3,100,2,0,1,Less25,NA,NA,NA,NA,NA,NA,NA,NA,NA,NA,NA,NA,NA,NA,NA,NA,NA,NA,NA,NA,NA,NA,NA,NA,NA,NA,NA,NA,NA,8
3GNBEL,Feb 9 2019,Belize,7,1,2 T,33.5565,GN,GNS,240,1,10,50,100,2.5,0,1,Less25,NA,NA,NA,NA,NA,NA,NA,NA,NA,NA,NA,NA,NA,NA,NA,NA,NA,NA,NA,NA,NA,NA,NA,NA,NA,NA,NA,NA,NA,1
4GNBEL,Feb 9 2019,Belize,7.6,1.5,2 T,55.9275,GN,"GNS, GND",160,14,1,3,100,6,1,1,Less25,NA,NA,NA,NA,NA,NA,NA,NA,NA,NA,NA,NA,NA,NA,NA,NA,NA,NA,NA,NA,NA,NA,NA,NA,NA,NA,NA,NA,NA,14
5GNBEL,Feb 9 2019,Belize,7,1.5,3 T,29.828,GN,GTR,180,1,8,12,100,10,0,1,Less25,NA,NA,NA,NA,NA,NA,NA,NA,NA,NA,NA,NA,NA,NA,NA,NA,NA,NA,NA,NA,NA,NA,NA,NA,NA,NA,NA,NA,NA,1
6GNBEL,Feb 10 2019,Belize,7,1.5,2 T,44.742,GN,GNS,180,7,4,16,100,3.28,0,1,Less25,NA,NA,NA,NA,NA,NA,NA,NA,NA,NA,NA,NA,NA,NA,NA,NA,NA,NA,NA,NA,NA,NA,NA,NA,NA,NA,NA,NA,NA,7
7GNBEL,Feb 11 2019,Belize,7,1.5,Not sure,55.9275,GN,GNS,360,1,3,1,100,2,1,720,Full,NA,NA,NA,NA,NA,NA,NA,NA,NA,NA,NA,NA,NA,NA,NA,NA,NA,NA,NA,NA,NA,NA,NA,NA,NA,NA,NA,NA,NA,1
8GNBEL,Feb 12 2019,Belize,8.3,1,2.5 MT,44.742,GN,GNS,360,3.5,1,1,300,2.4,0,1,Never,NA,NA,NA,NA,NA,NA,NA,NA,NA,NA,NA,NA,NA,NA,NA,NA,NA,NA,NA,NA,NA,NA,NA,NA,NA,NA,NA,NA,NA,3.5
9GNBEL,Feb 13 2019,Belize,5,1,.5 MT,22.371,GN,GNS,90,2,1,4,100,3,0,1,Never,NA,NA,NA,NA,NA,NA,NA,NA,NA,NA,NA,NA,NA,NA,NA,NA,NA,NA,NA,NA,NA,NA,NA,NA,NA,NA,NA,NA,NA,2
10GNBEL,Feb 13 2019,Belize,7.6,1.5,.75 MT,14.914,GN,GNS,360,5.5,5,10,300,2.5,0,1,Never,NA,NA,NA,NA,NA,NA,NA,NA,NA,NA,NA,NA,NA,NA,NA,NA,NA,NA,NA,NA,NA,NA,NA,NA,NA,NA,NA,NA,NA,5.5
11GNBEL,Feb 13 2019,Belize,8.3,1.5,1 MT,29.828,GN,GNS,320,2,1,8,100,7,0,1,Never,NA,NA,NA,NA,NA,NA,NA,NA,NA,NA,NA,NA,NA,NA,NA,NA,NA,NA,NA,NA,NA,NA,NA,NA,NA,NA,NA,NA,NA,2
12GNBEL,Feb 14 2019,Belize,7.6,1.5,.75 MT,14.914,GN,GNS,360,4.5,5,10,300,3,0,1,Never,NA,NA,NA,NA,NA,NA,NA,NA,NA,NA,NA,NA,NA,NA,NA,NA,NA,NA,NA,NA,NA,NA,NA,NA,NA,NA,NA,NA,NA,4.5
13GNBEL,Feb 15 2019,Belize,7.6,1.5,1 MT,29.828,GN,GNS,360,1,4,8,100,2,0,1,Never,NA,NA,NA,NA,NA,NA,NA,NA,NA,NA,NA,NA,NA,NA,NA,NA,NA,NA,NA,NA,NA,NA,NA,NA,NA,NA,NA,NA,NA,1
14GNBEL,Apr 9 2019,Belize,9,2,1 MT,7.457,GN,GNS,150,2,3,10,100,6,0,1,Never,NA,NA,NA,NA,NA,NA,NA,NA,NA,NA,NA,NA,NA,NA,NA,NA,NA,NA,NA,NA,NA,NA,NA,NA,NA,NA,NA,NA,NA,2
15GNBEL,Apr 9 2019,Belize,5,1,Unsure,7.457,GN,GNS,90,1,3,2,100,3,0,1,Full,NA,NA,NA,NA,NA,NA,NA,NA,NA,NA,NA,NA,NA,NA,NA,NA,NA,NA,NA,NA,NA,NA,NA,NA,NA,NA,NA,NA,NA,1
1PTBEL,Feb 5 2019,Belize,13,5,5T,44.742,PT,Lobster,270,7.5,NA,NA,NA,NA,NA,NA,NA,NA,NA,NA,NA,NA,NA,NA,NA,NA,NA,NA,NA,NA,100,1,10,12,10,NA,NA,NA,NA,NA,NA,NA,NA,NA,NA,NA,7.5
2PTBEL,Feb 7 2019,Belize,7.6,2,Unsure,29.828,PT,Lobster,360,8,NA,NA,NA,NA,NA,NA,NA,NA,NA,NA,NA,NA,NA,NA,NA,NA,NA,NA,NA,NA,200,1,0,1,2,NA,NA,NA,NA,NA,NA,NA,NA,NA,NA,NA,8
3PTBEL,Feb 9 2019,Belize,7.6,1,2 T,44.742,PT,Lobster,240,1,NA,NA,NA,NA,NA,NA,NA,NA,NA,NA,NA,NA,NA,NA,NA,NA,NA,NA,NA,NA,200,10,NA,NA,10,NA,NA,NA,NA,NA,NA,NA,NA,NA,NA,NA,1
4PTBEL,Feb 9 2019,Belize,7,1.5,2 T,44.742,PT,Lobster,270,1,NA,NA,NA,NA,NA,NA,NA,NA,NA,NA,NA,NA,NA,NA,NA,NA,NA,NA,NA,NA,45,1,2.5,1,55,NA,NA,NA,NA,NA,NA,NA,NA,NA,NA,NA,1
5PTBEL,Feb 9 2019,Belize,7.6,1.5,2 T,55.9275,PT,Lobster,270,1,NA,NA,NA,NA,NA,NA,NA,NA,NA,NA,NA,NA,NA,NA,NA,NA,NA,NA,NA,NA,100,10,2,1,7.5,NA,NA,NA,NA,NA,NA,NA,NA,NA,NA,NA,1
6PTBEL,Feb 9 2019,Belize,7,1.5,2 T,37.285,PT,Lobster,80,3,NA,NA,NA,NA,NA,NA,NA,NA,NA,NA,NA,NA,NA,NA,NA,NA,NA,NA,NA,NA,30,1,1,1,10,NA,NA,NA,NA,NA,NA,NA,NA,NA,NA,NA,3
7PTBEL,Feb 10 2019,Belize,7.6,1.5,Unsure,44.742,PT,Lobster,270,7,NA,NA,NA,NA,NA,NA,NA,NA,NA,NA,NA,NA,NA,NA,NA,NA,NA,NA,NA,NA,200,11,3.5,3.5,25,NA,NA,NA,NA,NA,NA,NA,NA,NA,NA,NA,7
8PTBEL,Feb 10 2019,Belize,7,1.5,2 T,37.285,PT,Lobster,250,5,NA,NA,NA,NA,NA,NA,NA,NA,NA,NA,NA,NA,NA,NA,NA,NA,NA,NA,NA,NA,100,1,2.5,2.5,2.5,NA,NA,NA,NA,NA,NA,NA,NA,NA,NA,NA,5
9PTBEL,Feb 10 2019,Belize,7,1.5,2 T,55.1818,PT,Lobster,360,4,NA,NA,NA,NA,NA,NA,NA,NA,NA,NA,NA,NA,NA,NA,NA,NA,NA,NA,NA,NA,100,1,3,4,30,NA,NA,NA,NA,NA,NA,NA,NA,NA,NA,NA,4
10PTBEL,Feb 11 2019,Belize,7,1.5,1 MT,55.9275,PT,Lobster,270,1,NA,NA,NA,NA,NA,NA,NA,NA,NA,NA,NA,NA,NA,NA,NA,NA,NA,NA,NA,NA,50,1,2.5,1,25,NA,NA,NA,NA,NA,NA,NA,NA,NA,NA,NA,1
11PTBEL,Feb 11 2019,Belize,7.6,1.5,2 T,55.9275,PT,Lobster,360,4.5,NA,NA,NA,NA,NA,NA,NA,NA,NA,NA,NA,NA,NA,NA,NA,NA,NA,NA,NA,NA,60,1,0,1,55,NA,NA,NA,NA,NA,NA,NA,NA,NA,NA,NA,4.5
12PTBEL,Feb 11 2019,Belize,7.6,1.5,1.5 T,55.9275,PT,Lobster,360,8,NA,NA,NA,NA,NA,NA,NA,NA,NA,NA,NA,NA,NA,NA,NA,NA,NA,NA,NA,NA,40,1,0,1,2,NA,NA,NA,NA,NA,NA,NA,NA,NA,NA,NA,8
13PTBEL,Feb 12 2019,Belize,7.6,1.5,1 MT,18.6425,PT,Lobster,120,5.5,NA,NA,NA,NA,NA,NA,NA,NA,NA,NA,NA,NA,NA,NA,NA,NA,NA,NA,NA,NA,45,1,NA,NA,20,NA,NA,NA,NA,NA,NA,NA,NA,NA,NA,NA,5.5
14PTBEL,Feb 12 2019,Belize,7.6,1.5,.75 MT,29.828,PT,Lobster,120,5.5,NA,NA,NA,NA,NA,NA,NA,NA,NA,NA,NA,NA,NA,NA,NA,NA,NA,NA,NA,NA,45,1,1,1,20,NA,NA,NA,NA,NA,NA,NA,NA,NA,NA,NA,5.5
15PTBEL,Feb 12 2019,Belize,5,1,.5 MT,22.371,PT,Lobster,80,1,NA,NA,NA,NA,NA,NA,NA,NA,NA,NA,NA,NA,NA,NA,NA,NA,NA,NA,NA,NA,50,3,1,20,1.5,NA,NA,NA,NA,NA,NA,NA,NA,NA,NA,NA,1
16PTBEL,Feb 13 2019,Belize,7.6,1.5,.75 MT,37.285,PT,Lobster,360,1,NA,NA,NA,NA,NA,NA,NA,NA,NA,NA,NA,NA,NA,NA,NA,NA,NA,NA,NA,NA,425,1,NA,NA,30,NA,NA,NA,NA,NA,NA,NA,NA,NA,NA,NA,1
17PTBEL,Feb 14 2019,Belize,7.6,1.5,1 MT,44.742,PT,Lobster,360,1,NA,NA,NA,NA,NA,NA,NA,NA,NA,NA,NA,NA,NA,NA,NA,NA,NA,NA,NA,NA,150,1,NA,NA,50,NA,NA,NA,NA,NA,NA,NA,NA,NA,NA,NA,1
18PTBEL,Feb 14 2019,Belize,7.6,1.5,.75 MT,29.828,PT,Lobster,290,1,NA,NA,NA,NA,NA,NA,NA,NA,NA,NA,NA,NA,NA,NA,NA,NA,NA,NA,NA,NA,200,1,NA,NA,30,NA,NA,NA,NA,NA,NA,NA,NA,NA,NA,NA,1
1PSUSA,1/5/2019,USA,30,76.2,235,745.7,PS,PS,270,4,NA,NA,NA,NA,NA,NA,NA,NA,NA,NA,NA,NA,NA,NA,10,488,15.24,0,1,Less25,NA,NA,NA,NA,NA,NA,NA,NA,NA,NA,NA,NA,NA,NA,NA,3,4
2PSUSA,1/5/2019,USA,50,530,536,1491.4,PS,PS,270,2.5,NA,NA,NA,NA,NA,NA,NA,NA,NA,NA,NA,NA,NA,NA,13,457,6,1,4.5,Less25,NA,NA,NA,NA,NA,NA,NA,NA,NA,NA,NA,NA,NA,NA,NA,3,2.5
3PSUSA,1/5/2019,USA,47,NA,536,NA,PS,PS,270,3,NA,NA,NA,NA,NA,NA,NA,NA,NA,NA,NA,NA,NA,NA,10,549,24,1,90,Less25,NA,NA,NA,NA,NA,NA,NA,NA,NA,NA,NA,NA,NA,NA,NA,3,3
4PSUSA,1/5/2019,USA,51,500,1000,223.71,PS,PS,270,1,NA,NA,NA,NA,NA,NA,NA,NA,NA,NA,NA,NA,NA,NA,15,IDK,18,0,1,Less25,NA,NA,NA,NA,NA,NA,NA,NA,NA,NA,NA,NA,NA,NA,NA,3,1
5PSUSA,1/5/2019,USA,51,500,1000,223.71,PS,PS,270,3.5,NA,NA,NA,NA,NA,NA,NA,NA,NA,NA,NA,NA,NA,NA,13.5,304,27.5,1,386,Less25,NA,NA,NA,NA,NA,NA,NA,NA,NA,NA,NA,NA,NA,NA,NA,3,3.5
6PSUSA,1/5/2019,USA,55,NA,1000,NA,PS,PS,270,2,NA,NA,NA,NA,NA,NA,NA,NA,NA,NA,NA,NA,NA,NA,11,IDK,18.3,1,675,Less25,NA,NA,NA,NA,NA,NA,NA,NA,NA,NA,NA,NA,NA,NA,NA,3,2
7PSUSA,1/5/2019,USA,53,550,1000,2237.1,PS,PS,270,3,NA,NA,NA,NA,NA,NA,NA,NA,NA,NA,NA,NA,NA,NA,8,549,24,1,90,Less25,NA,NA,NA,NA,NA,NA,NA,NA,NA,NA,NA,NA,NA,NA,NA,3,3
8PSUSA,1/5/2019,USA,57,648,667,2237.1,PS,PS,270,3,NA,NA,NA,NA,NA,NA,NA,NA,NA,NA,NA,NA,NA,NA,6,549,24,1,450,Less25,NA,NA,NA,NA,NA,NA,NA,NA,NA,NA,NA,NA,NA,NA,NA,3,3
9PSUSA,1/5/2019,USA,57,499,603,1715.11,PS,PS,270,3.5,NA,NA,NA,NA,NA,NA,NA,NA,NA,NA,NA,NA,NA,NA,10,457,21,0,1,Never,NA,NA,NA,NA,NA,NA,NA,NA,NA,NA,NA,NA,NA,NA,NA,3,3.5
10PSUSA,1/5/2019,USA,57,499,603,1715.11,PS,PS,270,2.5,NA,NA,NA,NA,NA,NA,NA,NA,NA,NA,NA,NA,NA,NA,13.5,30,20,0,1,Less25,NA,NA,NA,NA,NA,NA,NA,NA,NA,NA,NA,NA,NA,NA,NA,3,2.5
11PSUSA,1/5/2019,USA,57,500,435.5,1342.26,PS,PS,270,1.5,NA,NA,NA,NA,NA,NA,NA,NA,NA,NA,NA,NA,NA,NA,5,426.5,20,1,900,Less25,NA,NA,NA,NA,NA,NA,NA,NA,NA,NA,NA,NA,NA,NA,NA,3,1.5
12PSUSA,1/5/2019,USA,64,510,837.5,2237.1,PS,PS,270,1.5,NA,NA,NA,NA,NA,NA,NA,NA,NA,NA,NA,NA,NA,NA,14.5,549,24,1,10,Less25,NA,NA,NA,NA,NA,NA,NA,NA,NA,NA,NA,NA,NA,NA,NA,3,1.5
13PSUSA,1/5/2019,USA,64,510,770,2237.1,PS,PS,270,2.5,NA,NA,NA,NA,NA,NA,NA,NA,NA,NA,NA,NA,NA,NA,10,549,24,1,540,Less25,NA,NA,NA,NA,NA,NA,NA,NA,NA,NA,NA,NA,NA,NA,NA,3,2.5
14PSUSA,1/5/2019,USA,54,NA,1000,1342.26,PS,PS,270,3,NA,NA,NA,NA,NA,NA,NA,NA,NA,NA,NA,NA,NA,NA,11,366,30,1,90,25to50,NA,NA,NA,NA,NA,NA,NA,NA,NA,NA,NA,NA,NA,NA,NA,3,3
15PSUSA,25/02/2019,USA,18,NA,80,894.8398,PS,PS,90,2,NA,NA,NA,NA,NA,NA,NA,NA,NA,NA,NA,NA,NA,NA,21.5,76,6,0,1,Never,NA,NA,NA,NA,NA,NA,NA,NA,NA,NA,NA,NA,NA,NA,NA,3,2
1PTUSA,1/3/2019,USA,11.5,17,100 traps,969.4098,PT,Lobster,90,1,NA,NA,NA,NA,NA,NA,NA,NA,NA,NA,NA,NA,NA,NA,NA,NA,NA,NA,NA,NA,100,1,1.5,1,20,NA,NA,NA,NA,NA,NA,NA,NA,NA,NA,NA,1
2PTUSA,1/3/2019,USA,12,25,150 traps,428.777,PT,Lobster,340,1,NA,NA,NA,NA,NA,NA,NA,NA,NA,NA,NA,NA,NA,NA,NA,NA,NA,NA,NA,NA,300,10,0,1,75,NA,NA,NA,NA,NA,NA,NA,NA,NA,NA,NA,1
3PTUSA,1/3/2019,USA,16.5,35,40,596.56,PT,Lobster,120,1,NA,NA,NA,NA,NA,NA,NA,NA,NA,NA,NA,NA,NA,NA,NA,NA,NA,NA,NA,NA,400,40,1.5,1,100,NA,NA,NA,NA,NA,NA,NA,NA,NA,NA,NA,1
4PTUSA,1/3/2019,USA,12,15,100 traps,335.565,PT,Lobster,120,1,NA,NA,NA,NA,NA,NA,NA,NA,NA,NA,NA,NA,NA,NA,NA,NA,NA,NA,NA,NA,200,1,3.5,1,25,NA,NA,NA,NA,NA,NA,NA,NA,NA,NA,NA,1
5PTUSA,25/02/2019,USA,33,190,95,671.13,PT,Crab,270,10,NA,NA,NA,NA,NA,NA,NA,NA,NA,NA,NA,NA,NA,NA,NA,NA,NA,NA,NA,NA,1800,60,1.5,3.5,IDK,NA,NA,NA,NA,NA,NA,NA,NA,NA,NA,NA,10
6PTUSA,24/02/2019,USA,55,IDK,400,IDK,PT,Cod,60,30,NA,NA,NA,NA,NA,NA,NA,NA,NA,NA,NA,NA,NA,NA,NA,NA,NA,NA,NA,NA,140,40,0,1,0,NA,NA,NA,NA,NA,NA,NA,NA,NA,NA,NA,30
7PTUSA,23/02/2019,USA,51,IDK,325,1118.55,PT,"Crab, Cod",70,21,NA,NA,NA,NA,NA,NA,NA,NA,NA,NA,NA,NA,NA,NA,NA,NA,NA,NA,NA,NA,150,30,1,1,3,NA,NA,NA,NA,NA,NA,NA,NA,NA,NA,NA,21
8PTUSA,23/02/2019,USA,18,IDK,27.5,IDK,PT,Crab,270,4.5,NA,NA,NA,NA,NA,NA,NA,NA,NA,NA,NA,NA,NA,NA,NA,NA,NA,NA,NA,NA,600,1,1,1,85,NA,NA,NA,NA,NA,NA,NA,NA,NA,NA,NA,4.5
9PTUSA,21/02/2019,USA,37.5,199,117.5,1043.98,PT,Crab,240,10,NA,NA,NA,NA,NA,NA,NA,NA,NA,NA,NA,NA,NA,NA,NA,NA,NA,NA,NA,NA,100,1,1,1,5,NA,NA,NA,NA,NA,NA,NA,NA,NA,NA,NA,10
10PTUSA,2/3/2019,USA,12,12,120 traps,372.85,PT,Lobster,290,1,NA,NA,NA,NA,NA,NA,NA,NA,NA,NA,NA,NA,NA,NA,NA,NA,NA,NA,NA,NA,275,2,0.5,1,40,NA,NA,NA,NA,NA,NA,NA,NA,NA,NA,NA,1
11PTUSA,2/3/2019,USA,10,6.2,50 traps (500 lbs),193.882,PT,Lobster,240,1,NA,NA,NA,NA,NA,NA,NA,NA,NA,NA,NA,NA,NA,NA,NA,NA,NA,NA,NA,NA,400,8,1,20,19,NA,NA,NA,NA,NA,NA,NA,NA,NA,NA,NA,1
12PTUSA,2/3/2019,USA,13.5,14,120 traps,447.42,PT,Lobster,240,1,NA,NA,NA,NA,NA,NA,NA,NA,NA,NA,NA,NA,NA,NA,NA,NA,NA,NA,NA,NA,250,15,0.5,1,15,NA,NA,NA,NA,NA,NA,NA,NA,NA,NA,NA,1
13PTUSA,2/3/2019,USA,13.7,22,15,339.293,PT,Lobster,235,1.5,NA,NA,NA,NA,NA,NA,NA,NA,NA,NA,NA,NA,NA,NA,NA,NA,NA,NA,NA,NA,350,20,2,1,65,NA,NA,NA,NA,NA,NA,NA,NA,NA,NA,NA,1.5
14PTUSA,2/3/2019,USA,9.5,IDK,50 traps (500 lbs),156.597,PT,Lobster,270,1,NA,NA,NA,NA,NA,NA,NA,NA,NA,NA,NA,NA,NA,NA,NA,NA,NA,NA,NA,NA,200,1,1,10,25,NA,NA,NA,NA,NA,NA,NA,NA,NA,NA,NA,1
15PTUSA,7/2/2019,USA,9.7,8,1,313.194,PT,Lobster,100,1.5,NA,NA,NA,NA,NA,NA,NA,NA,NA,NA,NA,NA,NA,NA,NA,NA,NA,NA,NA,NA,300,1,NA,NA,30,NA,NA,NA,NA,NA,NA,NA,NA,NA,NA,NA,1.5
16PTUSA,21/02/2019,USA,56,920,250,912.7366,PT,Crab,270,23,NA,NA,NA,NA,NA,NA,NA,NA,NA,NA,NA,NA,NA,NA,NA,NA,NA,NA,NA,NA,250,45,6,1,29,NA,NA,NA,NA,NA,NA,NA,NA,NA,NA,NA,23
1GNUSA,1/3/2019,USA,15,15,25,596.56,GN,Fixed,40,2,6,30,91,1.5,3,3,Full,NA,NA,NA,NA,NA,NA,NA,NA,NA,NA,NA,NA,NA,NA,NA,NA,NA,NA,NA,NA,NA,NA,NA,NA,NA,NA,NA,NA,NA,2
2GNUSA,1/3/2019,USA,11,16,4,223.71,GN,Fixed,100,2,1,900,15,3,0.5,1,25to50,NA,NA,NA,NA,NA,NA,NA,NA,NA,NA,NA,NA,NA,NA,NA,NA,NA,NA,NA,NA,NA,NA,NA,NA,NA,NA,NA,NA,NA,2
3GNUSA,23/02/2019,USA,10,18,16,932.1248,GN,Drift,100,60,20,4,300,4,0.5,1,Less25,NA,NA,NA,NA,NA,NA,NA,NA,NA,NA,NA,NA,NA,NA,NA,NA,NA,NA,NA,NA,NA,NA,NA,NA,NA,NA,NA,NA,NA,60
4GNUSA,25/02/2019,USA,10,28,15,186.425,GN,Drift,60,2.5,12.5,3,46,3,0,1,25to50,NA,NA,NA,NA,NA,NA,NA,NA,NA,NA,NA,NA,NA,NA,NA,NA,NA,NA,NA,NA,NA,NA,NA,NA,NA,NA,NA,NA,NA,2.5
5GNUSA,23/02/2019,USA,12,IDK,15,IDK,GN,Set,60,1,14.5,3,9,5.25,0.5,1,Less25,NA,NA,NA,NA,NA,NA,NA,NA,NA,NA,NA,NA,NA,NA,NA,NA,NA,NA,NA,NA,NA,NA,NA,NA,NA,NA,NA,NA,NA,1
6GNUSA,1/3/2019,USA,13,20,15,156.597,GN,Set,90,1,4,40,61,2.5,0.5,1,Full,NA,NA,NA,NA,NA,NA,NA,NA,NA,NA,NA,NA,NA,NA,NA,NA,NA,NA,NA,NA,NA,NA,NA,NA,NA,NA,NA,NA,NA,1
7GNUSA,21/02/2019,USA,10,15,7.5,372.85,GN,Drift,35,35,30,6,45,4,0,1,Never,NA,NA,NA,NA,NA,NA,NA,NA,NA,NA,NA,NA,NA,NA,NA,NA,NA,NA,NA,NA,NA,NA,NA,NA,NA,NA,NA,NA,NA,35
8GNUSA,7/2/2019,USA,11,9,8,156.597,GN,"Drift, Set",360,4.5,3,5.5,70,1.5,0,1,Never,NA,NA,NA,NA,NA,NA,NA,NA,NA,NA,NA,NA,NA,NA,NA,NA,NA,NA,NA,NA,NA,NA,NA,NA,NA,NA,NA,NA,NA,4.5
9GNUSA,1/4/2019,USA,15,40,20,260.995,GN,Fixed,200,1.5,1,17.5,91,3.6,0,1,Never,NA,NA,NA,NA,NA,NA,NA,NA,NA,NA,NA,NA,NA,NA,NA,NA,NA,NA,NA,NA,NA,NA,NA,NA,NA,NA,NA,NA,NA,1.5
10GNUSA,16/04/2019,USA,14,40,20,223.71,GN,Fixed,255,1.5,3.5,52.5,91,3.6,0,1,Full,NA,NA,NA,NA,NA,NA,NA,NA,NA,NA,NA,NA,NA,NA,NA,NA,NA,NA,NA,NA,NA,NA,NA,NA,NA,NA,NA,NA,NA,1.5
11GNUSA,21/01/2019,USA,14,18,16,313.194,GN,Set,150,3.5,4,5,100,3,0.5,1,Full,NA,NA,NA,NA,NA,NA,NA,NA,NA,NA,NA,NA,NA,NA,NA,NA,NA,NA,NA,NA,NA,NA,NA,NA,NA,NA,NA,NA,NA,3.5
12GNUSA,6/2/2019,USA,12,15,14,260.995,GN,"Drift, Set",120,2.5,3,3,70,2.5,0,1,Less25,NA,NA,NA,NA,NA,NA,NA,NA,NA,NA,NA,NA,NA,NA,NA,NA,NA,NA,NA,NA,NA,NA,NA,NA,NA,NA,NA,NA,NA,2.5
1TRUSA,26/02/2019,USA,77,1594,"11,000",4697.909,T,Pelagic,180,10,NA,NA,NA,NA,NA,NA,NA,4,1,515,IDK,0,1,Never,NA,NA,NA,NA,NA,NA,NA,NA,NA,NA,NA,NA,NA,NA,NA,NA,NA,NA,NA,NA,NA,NA,10
2TRUSA,24/02/2019,USA,30,300,1500,IDK,T,OTB,190,12,NA,NA,NA,NA,NA,NA,NA,12,1,NA,IDK,1,32,Full,NA,NA,NA,NA,NA,NA,NA,NA,NA,NA,NA,NA,NA,NA,NA,NA,NA,NA,NA,NA,NA,NA,12
3TRUSA,21/02/2019,USA,38,195,200,1342.26,T,Pelagic,165,22,NA,NA,NA,NA,NA,NA,NA,2.5,1,400,400,0,1,Never,NA,NA,NA,NA,NA,NA,NA,NA,NA,NA,NA,NA,NA,NA,NA,NA,NA,NA,NA,NA,NA,NA,22
4TRUSA,21/02/2019,USA,38,195,200,1342.26,T,Pelagic,165,23,NA,NA,NA,NA,NA,NA,NA,2.5,1,NA,400,0,1,Never,NA,NA,NA,NA,NA,NA,NA,NA,NA,NA,NA,NA,NA,NA,NA,NA,NA,NA,NA,NA,NA,NA,23
5TRUSA,21/02/2019,USA,32,120,IDK,894.8398,T,Pelagic,84,21,NA,NA,NA,NA,NA,NA,NA,3,1,536,76,0,1,25to50,NA,NA,NA,NA,NA,NA,NA,NA,NA,NA,NA,NA,NA,NA,NA,NA,NA,NA,NA,NA,NA,NA,21
6TRUSA,23/02/2019,USA,60,IDK,IDK,IDK,T,OTB,180,10,NA,NA,NA,NA,NA,NA,NA,2.5,1,IDK,IDK,1,18,Full,NA,NA,NA,NA,NA,NA,NA,NA,NA,NA,NA,NA,NA,NA,NA,NA,NA,NA,NA,NA,NA,NA,10
7TRUSA,23/02/2019,USA,61,1450,600,2237.1,T,OTB,200,14,NA,NA,NA,NA,NA,NA,NA,4,1,380,72,NA,NA,Full,NA,NA,NA,NA,NA,NA,NA,NA,NA,NA,NA,NA,NA,NA,NA,NA,NA,NA,NA,NA,NA,NA,14
8TRUSA,24/02/2019,USA,80,IDK,1400,4474.199,T,OTM,180,9,NA,NA,NA,NA,NA,NA,NA,8,2,NA,IDK,1,10,Full,NA,NA,NA,NA,NA,NA,NA,NA,NA,NA,NA,NA,NA,NA,NA,NA,NA,NA,NA,NA,NA,NA,9
9TRUSA,24/02/2019,USA,73,50,1400,4474.199,T,PTB,210,8,NA,NA,NA,NA,NA,NA,NA,6,2,NA,IDK,0,1,Never,NA,NA,NA,NA,NA,NA,NA,NA,NA,NA,NA,NA,NA,NA,NA,NA,NA,NA,NA,NA,NA,NA,8
10TRUSA,24/02/2019,USA,67,520,500,IDK,T,OTT,150,16,NA,NA,NA,NA,NA,NA,NA,8,1,75,IDK,0,1,Never,NA,NA,NA,NA,NA,NA,NA,NA,NA,NA,NA,NA,NA,NA,NA,NA,NA,NA,NA,NA,NA,NA,16
11TRUSA,25/02/2019,USA,18,IDK,80,894.8398,T,OTB,180,19,NA,NA,NA,NA,NA,NA,NA,2,1,IDK,IDK,NA,NA,Full,NA,NA,NA,NA,NA,NA,NA,NA,NA,NA,NA,NA,NA,NA,NA,NA,NA,NA,NA,NA,NA,NA,19
12TRUSA,23/02/2019,USA,91,IDK,700,2237.1,T,Demersal,240,12,NA,NA,NA,NA,NA,NA,NA,2.5,1,IDK,IDK,4,100,Full,NA,NA,NA,NA,NA,NA,NA,NA,NA,NA,NA,NA,NA,NA,NA,NA,NA,NA,NA,NA,NA,NA,12
13TRUSA,26/02/2019,USA,38,535,430,1416.83,T,Pelagic,150,3,NA,NA,NA,NA,NA,NA,NA,2,1,304.8,51.816,1,750,50to75,NA,NA,NA,NA,NA,NA,NA,NA,NA,NA,NA,NA,NA,NA,NA,NA,NA,NA,NA,NA,NA,NA,3
14TRUSA,25/02/2019,USA,50,399,425,1789.68,T,Pelagic,210,1,NA,NA,NA,NA,NA,NA,NA,3,1,IDK,IDK,0,1,25to50,NA,NA,NA,NA,NA,NA,NA,NA,NA,NA,NA,NA,NA,NA,NA,NA,NA,NA,NA,NA,NA,NA,1
15TRUSA,7/2/2019,USA,11,9,8,290.823,T,NA,360,1,NA,NA,NA,NA,NA,NA,NA,3,1,18,15,0,1,Less25,NA,NA,NA,NA,NA,NA,NA,NA,NA,NA,NA,NA,NA,NA,NA,NA,NA,NA,NA,NA,NA,NA,1
1LLUSA,21/02/2019,USA,56,920,250,909.7538,LL,AL,270,23,NA,NA,NA,NA,NA,NA,NA,NA,NA,NA,NA,NA,NA,NA,NA,NA,NA,NA,NA,NA,NA,NA,NA,NA,NA,3,18000,66.672,0.4,0,6,178,1000,23,22.224,NA,23
2LLUSA,22/02/2019,USA,41,199,427.5,1193.12,LL,LLS,260,30,NA,NA,NA,NA,NA,NA,NA,NA,NA,NA,NA,NA,NA,NA,NA,NA,NA,NA,NA,NA,NA,NA,NA,NA,NA,1,"60,000",74.08,0.3,1,2.778,732,5000,30,74.08,NA,30
3LLUSA,21/02/2019,USA,41,199,414,1193.12,LL,LLS,260,30,NA,NA,NA,NA,NA,NA,NA,NA,NA,NA,NA,NA,NA,NA,NA,NA,NA,NA,NA,NA,NA,NA,NA,NA,NA,1,"60,000",74.08,0.3,0,28.9682,366,"40,000",30,74.08,NA,30
4LLUSA,21/02/2019,USA,13,20,9,351.225,LL,LLS,93,6,NA,NA,NA,NA,NA,NA,NA,NA,NA,NA,NA,NA,NA,NA,NA,NA,NA,NA,NA,NA,NA,NA,NA,NA,NA,4,2000,3.21869,0.6,0,0.548,NA,50,6,3.21869,NA,6
5LLUSA,22/02/2019,USA,52,NA,340,745.7,LL,Demersal & Set,300,25,NA,NA,NA,NA,NA,NA,NA,NA,NA,NA,NA,NA,NA,NA,NA,NA,NA,NA,NA,NA,NA,NA,NA,NA,NA,3,"21,000",4.82803,2,1.5,6.43738,NA,"30,000",25,1.60934,NA,25
6LLUSA,22/02/2019,USA,18,100,80,272.18,LL,AL,160,12,NA,NA,NA,NA,NA,NA,NA,NA,NA,NA,NA,NA,NA,NA,NA,NA,NA,NA,NA,NA,NA,NA,NA,NA,NA,6,"3,000",1.60934,IDK,0,1.852,0.104175,1000,12,1.60934,NA,12
7LLUSA,22/02/2019,USA,41,467,350,846.3694,LL,Demersal,140,17.5,NA,NA,NA,NA,NA,NA,NA,NA,NA,NA,NA,NA,NA,NA,NA,NA,NA,NA,NA,NA,NA,NA,NA,NA,NA,2,"25,000",1.60934,NA,0,1.22,NA,2000,17.5,1.60934,NA,17.5
8LLUSA,23/02/2019,USA,51,840,360,820.2699,LL,Set,240,23,NA,NA,NA,NA,NA,NA,NA,NA,NA,NA,NA,NA,NA,NA,NA,NA,NA,NA,NA,NA,NA,NA,NA,NA,NA,3.5,"14,000",17.0384,0.4,1,6.75924,IDK,IDK,23,17.0384,NA,23
9LLUSA,23/02/2019,USA,43,NA,340,NA,LL,Pelagic,210,30,NA,NA,NA,NA,NA,NA,NA,NA,NA,NA,NA,NA,NA,NA,NA,NA,NA,NA,NA,NA,NA,NA,NA,NA,NA,3,"50,400",3.21869,0.2,0,0.03,400,5500,30,3.21869,NA,30
10LLUSA,23/02/2019,USA,49,467,350,846.3694,LL,Demersal,180,17.5,NA,NA,NA,NA,NA,NA,NA,NA,NA,NA,NA,NA,NA,NA,NA,NA,NA,NA,NA,NA,NA,NA,NA,NA,NA,2.5,"13,800",24.1402,IDK,0,1.60934,IDK,8500,17.5,24.1402,NA,17.5
11LLUSA,23/02/2019,USA,67,NA,500,NA,LL,Set,120,30,NA,NA,NA,NA,NA,NA,NA,NA,NA,NA,NA,NA,NA,NA,NA,NA,NA,NA,NA,NA,NA,NA,NA,NA,NA,3.5,"30,000",1.60934,0.15,8,0.80467,10,1000,30,1.60934,NA,30
12LLUSA,23/02/2019,USA,53,NA,500,NA,LL,Set,120,30,NA,NA,NA,NA,NA,NA,NA,NA,NA,NA,NA,NA,NA,NA,NA,NA,NA,NA,NA,NA,NA,NA,NA,NA,NA,3,"16,250",4.02336,0.4,0,2.41402,1400,5000,30,4.02336,NA,30
13LLUSA,26/02/2019,USA,18,100,105,521.99,LL,Set,210,7,NA,NA,NA,NA,NA,NA,NA,NA,NA,NA,NA,NA,NA,NA,NA,NA,NA,NA,NA,NA,NA,NA,NA,NA,NA,4,"3,000",11.2654,0.45,3,16.0934,300,2000,7,11.2654,NA,7
14LLUSA,26/02/2019,USA,18,120,150,410.135,LL,Pelagic,180,14,NA,NA,NA,NA,NA,NA,NA,NA,NA,NA,NA,NA,NA,NA,NA,NA,NA,NA,NA,NA,NA,NA,NA,NA,NA,5,"1,650",4.125,0.25,1,0.011,100,1000,14,4.125,NA,14
15LLUSA,22/02/2019,USA,NA,198,200,NA,LL,AL,240,20,NA,NA,NA,NA,NA,NA,NA,NA,NA,NA,NA,NA,NA,NA,NA,NA,NA,NA,NA,NA,NA,NA,NA,NA,NA,2,IDK,1.60934,0.6,0,IDK,8.5,1000,20,1.60934,NA,20
1TRICE,22/09/2019,Iceland,69,647,600,2983,T,D,120,28,NA,NA,NA,NA,NA,NA,NA,4,1,60,80,1,1,Less25,NA,NA,NA,NA,NA,NA,NA,NA,NA,NA,NA,NA,NA,NA,NA,NA,NA,NA,NA,NA,NA,NA,28
2TRICE,20/09/2019,Iceland,63,308,IDK,1875,T,D,174,28,NA,NA,NA,NA,NA,NA,NA,4,1,IDK,IDK,0,1,Less25,NA,NA,NA,NA,NA,NA,NA,NA,NA,NA,NA,NA,NA,NA,NA,NA,NA,NA,NA,NA,NA,NA,28
3TRICE,18/09/2019,Iceland,63,308,IDK,1864,T,D,162,28,NA,NA,NA,NA,NA,NA,NA,5,1,IDK,IDK,1,5,Less25,NA,NA,NA,NA,NA,NA,NA,NA,NA,NA,NA,NA,NA,NA,NA,NA,NA,NA,NA,NA,NA,NA,28
4TRICE,20/09/2019,Iceland,27,IDK,200,746,T,D,100,6,NA,NA,NA,NA,NA,NA,NA,2,1,IDK,IDK,2,200,Full,NA,NA,NA,NA,NA,NA,NA,NA,NA,NA,NA,NA,NA,NA,NA,NA,NA,NA,NA,NA,NA,NA,6
5TRICE,17/09/2019,Iceland,63,308,200,1875,T,D,174,28,NA,NA,NA,NA,NA,NA,NA,5,1,60,70,1,2,Less25,NA,NA,NA,NA,NA,NA,NA,NA,NA,NA,NA,NA,NA,NA,NA,NA,NA,NA,NA,NA,NA,NA,28
6TRICE,16/09/2019,Iceland,62,IDK,270,1491,T,D,157,6,NA,NA,NA,NA,NA,NA,NA,5,1,IDK,IDK,1,1,Less25,NA,NA,NA,NA,NA,NA,NA,NA,NA,NA,NA,NA,NA,NA,NA,NA,NA,NA,NA,NA,NA,NA,6
7TRICE,24/09/2019,Iceland,35,636,100,671,T,D,260,3,NA,NA,NA,NA,NA,NA,NA,7,1,170,60,1,10,Less25,NA,NA,NA,NA,NA,NA,NA,NA,NA,NA,NA,NA,NA,NA,NA,NA,NA,NA,NA,NA,NA,NA,3
8TRICE,24/09/2019,Iceland,35,636,100,671,T,D,260,4,NA,NA,NA,NA,NA,NA,NA,7,1,170,60,3,40,Less25,NA,NA,NA,NA,NA,NA,NA,NA,NA,NA,NA,NA,NA,NA,NA,NA,NA,NA,NA,NA,NA,NA,4
9TRICE,23/09/2019,Iceland,64,441,200,2237,T,D,240,6,NA,NA,NA,NA,NA,NA,NA,6.5,1,IDK,IDK,0,1,Less25,NA,NA,NA,NA,NA,NA,NA,NA,NA,NA,NA,NA,NA,NA,NA,NA,NA,NA,NA,NA,NA,NA,6
10TRICE,19/09/2019,Iceland,45,300,100,1193,T,D,260,4,NA,NA,NA,NA,NA,NA,NA,5,1,NA,IDK,2,10,25to50,NA,NA,NA,NA,NA,NA,NA,NA,NA,NA,NA,NA,NA,NA,NA,NA,NA,NA,NA,NA,NA,NA,4
11TRICE,9/10/2019,Iceland,60,1400,320,2237,T,D,270,7,NA,NA,NA,NA,NA,NA,NA,7,1,60,110,1,4,Less25,NA,NA,NA,NA,NA,NA,NA,NA,NA,NA,NA,NA,NA,NA,NA,NA,NA,NA,NA,NA,NA,NA,7
12TRICE,9/10/2019,Iceland,45,500,120,1119,T,D,220,8,NA,NA,NA,NA,NA,NA,NA,6,1,31,40,1,4,Less25,NA,NA,NA,NA,NA,NA,NA,NA,NA,NA,NA,NA,NA,NA,NA,NA,NA,NA,NA,NA,NA,NA,8
13TRICE,10/10/2019,Iceland,60,800,500,3728,T,D,239,30,NA,NA,NA,NA,NA,NA,NA,5,2,71,100,1,1,Less25,NA,NA,NA,NA,NA,NA,NA,NA,NA,NA,NA,NA,NA,NA,NA,NA,NA,NA,NA,NA,NA,NA,30
14TRICE,8/10/2019,Iceland,39,400,120,738,T,D,240,3,NA,NA,NA,NA,NA,NA,NA,5,1,IDK,IDK,2,60,Less25,NA,NA,NA,NA,NA,NA,NA,NA,NA,NA,NA,NA,NA,NA,NA,NA,NA,NA,NA,NA,NA,NA,3
15TRICE,11/10/2019,Iceland,67,1200,600,2237,T,D,160,28,NA,NA,NA,NA,NA,NA,NA,4,1,7,100,1,1,Less25,NA,NA,NA,NA,NA,NA,NA,NA,NA,NA,NA,NA,NA,NA,NA,NA,NA,NA,NA,NA,NA,NA,28
1GNICE,16/09/2019,Iceland,24,60,30,400,GN,GNS,100,1,2.5,10,IDK,IDK,1,10,Full,NA,NA,NA,NA,NA,NA,NA,NA,NA,NA,NA,NA,NA,NA,NA,NA,NA,NA,NA,NA,NA,NA,NA,NA,NA,NA,NA,NA,NA,1
2GNICE,7/10/2019,Iceland,7,4,3,18,GN,GNS,90,1,1,1,72,4,1,1000,Full,NA,NA,NA,NA,NA,NA,NA,NA,NA,NA,NA,NA,NA,NA,NA,NA,NA,NA,NA,NA,NA,NA,NA,NA,NA,NA,NA,NA,NA,1
3GNICE,1/10/2019,Iceland,10,8,5,246,GN,GNS,44,1,12,60,315,3,0,1,Never,NA,NA,NA,NA,NA,NA,NA,NA,NA,NA,NA,NA,NA,NA,NA,NA,NA,NA,NA,NA,NA,NA,NA,NA,NA,NA,NA,NA,NA,1
4GNICE,24/09/2019,Iceland,10,8,3,321,GN,GNS,160,1,1,4,240,4,1,12,Full,NA,NA,NA,NA,NA,NA,NA,NA,NA,NA,NA,NA,NA,NA,NA,NA,NA,NA,NA,NA,NA,NA,NA,NA,NA,NA,NA,NA,NA,1
5GNICE,8/10/2019,Iceland,9,8,3,290,GN,GNS,70,1,10,50,15,4,1,100,Full,NA,NA,NA,NA,NA,NA,NA,NA,NA,NA,NA,NA,NA,NA,NA,NA,NA,NA,NA,NA,NA,NA,NA,NA,NA,NA,NA,NA,NA,1
6GNICE,19/09/2019,Iceland,30,140,40,298,GN,GNS,200,1,8,120,54,IDK,1,100,Full,NA,NA,NA,NA,NA,NA,NA,NA,NA,NA,NA,NA,NA,NA,NA,NA,NA,NA,NA,NA,NA,NA,NA,NA,NA,NA,NA,NA,NA,1
7GNICE,19/09/2019,Iceland,9,8,6,54,GN,GNS,122,1,4,40,54,3,1,100,Full,NA,NA,NA,NA,NA,NA,NA,NA,NA,NA,NA,NA,NA,NA,NA,NA,NA,NA,NA,NA,NA,NA,NA,NA,NA,NA,NA,NA,NA,1
7GNICE,21/09/2019,Iceland,11,10,6,179,GN,GNS,48,1,20,100,61,3,0,1,Never,NA,NA,NA,NA,NA,NA,NA,NA,NA,NA,NA,NA,NA,NA,NA,NA,NA,NA,NA,NA,NA,NA,NA,NA,NA,NA,NA,NA,NA,1
7GNICE,9/10/2019,Iceland,9,6,6,314,GN,GNS,60,1,1,5,300,2,1,600,Full,NA,NA,NA,NA,NA,NA,NA,NA,NA,NA,NA,NA,NA,NA,NA,NA,NA,NA,NA,NA,NA,NA,NA,NA,NA,NA,NA,NA,NA,1
8GNICE,19/09/2019,Iceland,30,300,70,750,GN,GNS,170,1,3,180,IDK,3,1,40,Full,NA,NA,NA,NA,NA,NA,NA,NA,NA,NA,NA,NA,NA,NA,NA,NA,NA,NA,NA,NA,NA,NA,NA,NA,NA,NA,NA,NA,NA,1
9GNICE,6/10/2019,Iceland,37,366,60,1180,GN,GNS,250,1,3,228,75,3,0,1,Never,NA,NA,NA,NA,NA,NA,NA,NA,NA,NA,NA,NA,NA,NA,NA,NA,NA,NA,NA,NA,NA,NA,NA,NA,NA,NA,NA,NA,NA,1
10GNICE,8/10/2019,Iceland,10,11,10,97,GN,GNS,220,1,1,5,250,3,1,40,Less25,NA,NA,NA,NA,NA,NA,NA,NA,NA,NA,NA,NA,NA,NA,NA,NA,NA,NA,NA,NA,NA,NA,NA,NA,NA,NA,NA,NA,NA,1
11GNICE,9/10/2019,Iceland,15,30,12,634,GN,GNS,250,1,5,25,60,4,1,500,25to50,NA,NA,NA,NA,NA,NA,NA,NA,NA,NA,NA,NA,NA,NA,NA,NA,NA,NA,NA,NA,NA,NA,NA,NA,NA,NA,NA,NA,NA,1
12GNICE,9/10/2019,Iceland,12,12,12,142,GN,GNS,190,1,6,30,50,IDK,0,1,Never,NA,NA,NA,NA,NA,NA,NA,NA,NA,NA,NA,NA,NA,NA,NA,NA,NA,NA,NA,NA,NA,NA,NA,NA,NA,NA,NA,NA,NA,1
13GNICE,10/10/2019,Iceland,16,20,20,186,GN,GNS,250,1,7,105,IDK,4,1,100,Full,NA,NA,NA,NA,NA,NA,NA,NA,NA,NA,NA,NA,NA,NA,NA,NA,NA,NA,NA,NA,NA,NA,NA,NA,NA,NA,NA,NA,NA,1
14GNICE,10/10/2019,Iceland,10,8,6,321,GN,GNS,35,1,10,50,65,1.2,1,300,Full,NA,NA,NA,NA,NA,NA,NA,NA,NA,NA,NA,NA,NA,NA,NA,NA,NA,NA,NA,NA,NA,NA,NA,NA,NA,NA,NA,NA,NA,1
15GNICE,14/10/2019,Iceland,25,250,70,559,GN,GNS,120,1,12,120,75,3,100,50,Full,NA,NA,NA,NA,NA,NA,NA,NA,NA,NA,NA,NA,NA,NA,NA,NA,NA,NA,NA,NA,NA,NA,NA,NA,NA,NA,NA,NA,NA,1
1PTICE,9/10/2019,Iceland,6,6,5,168,PT,Shellfish,145,1,NA,NA,NA,NA,NA,NA,NA,NA,NA,NA,NA,NA,NA,NA,NA,NA,NA,NA,NA,NA,10,10,8,80,0,NA,NA,NA,NA,NA,NA,NA,NA,NA,NA,NA,1
2PTICE,8/10/2019,Iceland,12,19,10,186,PT,Lobster,20,1,NA,NA,NA,NA,NA,NA,NA,NA,NA,NA,NA,NA,NA,NA,NA,NA,NA,NA,NA,NA,250,50,0,1,0,NA,NA,NA,NA,NA,NA,NA,NA,NA,NA,NA,1
3PTICE,10/10/2019,Iceland,30,150,20,522,PT,Whelk,150,1,NA,NA,NA,NA,NA,NA,NA,NA,NA,NA,NA,NA,NA,NA,NA,NA,NA,NA,NA,NA,1100,125,1,20,7,NA,NA,NA,NA,NA,NA,NA,NA,NA,NA,NA,1
4PTICE,10/10/2019,Iceland,19,65,20,298,PT,Whelk,200,1,NA,NA,NA,NA,NA,NA,NA,NA,NA,NA,NA,NA,NA,NA,NA,NA,NA,NA,NA,NA,800,100,1,15,20,NA,NA,NA,NA,NA,NA,NA,NA,NA,NA,NA,1
5PTICE,12/10/2019,Iceland,12,12,5,224,PT,Whelk,215,1,NA,NA,NA,NA,NA,NA,NA,NA,NA,NA,NA,NA,NA,NA,NA,NA,NA,NA,NA,NA,800,100,1,30,10,NA,NA,NA,NA,NA,NA,NA,NA,NA,NA,NA,1
6PTICE,8/10/2019,Iceland,7,10,7,IDK,PT,Whelk,220,1,NA,NA,NA,NA,NA,NA,NA,NA,NA,NA,NA,NA,NA,NA,NA,NA,NA,NA,NA,NA,1000,100,0,1,0,NA,NA,NA,NA,NA,NA,NA,NA,NA,NA,NA,1
7PTICE,9/10/2019,Iceland,16,22,6,186,PT,Whelk,160,1,NA,NA,NA,NA,NA,NA,NA,NA,NA,NA,NA,NA,NA,NA,NA,NA,NA,NA,NA,NA,1000,100,1,80,2,NA,NA,NA,NA,NA,NA,NA,NA,NA,NA,NA,1
8PTICE,10/10/2019,Iceland,29,60,17,298,PT,Whelk,100,1,NA,NA,NA,NA,NA,NA,NA,NA,NA,NA,NA,NA,NA,NA,NA,NA,NA,NA,NA,NA,1000,100,1,15,2.5,NA,NA,NA,NA,NA,NA,NA,NA,NA,NA,NA,1
9PTICE,15/10/2019,Iceland,12,30,5,298,PT,Whelk,190,1,NA,NA,NA,NA,NA,NA,NA,NA,NA,NA,NA,NA,NA,NA,NA,NA,NA,NA,NA,NA,800,100,IDK,IDK,30,NA,NA,NA,NA,NA,NA,NA,NA,NA,NA,NA,1
10PTICE,15/10/2019,Iceland,25,62,8,895,PT,Whelk,120,1,NA,NA,NA,NA,NA,NA,NA,NA,NA,NA,NA,NA,NA,NA,NA,NA,NA,NA,NA,NA,1000,100,1,5,50,NA,NA,NA,NA,NA,NA,NA,NA,NA,NA,NA,1
11PTICE,15/10/2019,Iceland,30,6,7.5,895,PT,"Whelk, Crab",210,1,NA,NA,NA,NA,NA,NA,NA,NA,NA,NA,NA,NA,NA,NA,NA,NA,NA,NA,NA,NA,900,100,1,45,5,NA,NA,NA,NA,NA,NA,NA,NA,NA,NA,NA,1
1PSICE,19/09/2019,Iceland,72,522,1000,2983,PS,"Capelin, Herring",240,9,NA,NA,NA,NA,NA,NA,NA,NA,NA,NA,NA,NA,NA,NA,6,100,20,1,100,Less25,NA,NA,NA,NA,NA,NA,NA,NA,NA,NA,NA,NA,NA,NA,NA,1,9
2PSICE,22/09/2019,Iceland,80,IDK,2500,5220,PS,"Capelin, Herring",70,7,NA,NA,NA,NA,NA,NA,NA,NA,NA,NA,NA,NA,NA,NA,8,140,20,0,1,Never,NA,NA,NA,NA,NA,NA,NA,NA,NA,NA,NA,NA,NA,NA,NA,1,7
3PSICE,26/09/2019,Iceland,70,1500,2200,5966,PS,"Capelin, Herring",60,3,NA,NA,NA,NA,NA,NA,NA,NA,NA,NA,NA,NA,NA,NA,6,540,162,0,1,Never,NA,NA,NA,NA,NA,NA,NA,NA,NA,NA,NA,NA,NA,NA,NA,1,3
4PSICE,9/10/2019,Iceland,68,523,1600,4325,PS,"Capelin, Herring",70,3,NA,NA,NA,NA,NA,NA,NA,NA,NA,NA,NA,NA,NA,NA,5,432,108,1,80,Less25,NA,NA,NA,NA,NA,NA,NA,NA,NA,NA,NA,NA,NA,NA,NA,1,3
5PSICE,28/09/2019,Iceland,71,1500,2200,6040,PS,"Capelin, Herring",180,3,NA,NA,NA,NA,NA,NA,NA,NA,NA,NA,NA,NA,NA,NA,6,540,180,0,1,Never,NA,NA,NA,NA,NA,NA,NA,NA,NA,NA,NA,NA,NA,NA,NA,1,3
6PSICE,27/09/2019,Iceland,70,2000,2300,5593,PS,"Capelin, Herring",90,3,NA,NA,NA,NA,NA,NA,NA,NA,NA,NA,NA,NA,NA,NA,5,288,108,0,1,Never,NA,NA,NA,NA,NA,NA,NA,NA,NA,NA,NA,NA,NA,NA,NA,1,3
7PSICE,1/10/2019,Iceland,68,1450,1400,4325,PS,"Capelin, Herring",60,4,NA,NA,NA,NA,NA,NA,NA,NA,NA,NA,NA,NA,NA,NA,7,612,108,1,180,Less25,NA,NA,NA,NA,NA,NA,NA,NA,NA,NA,NA,NA,NA,NA,NA,1,4
8PSICE,11/10/2019,Iceland,63,640,1100,1298,PS,"Capelin, Herring",240,3,NA,NA,NA,NA,NA,NA,NA,NA,NA,NA,NA,NA,NA,NA,10,540,180,1,50,Less25,NA,NA,NA,NA,NA,NA,NA,NA,NA,NA,NA,NA,NA,NA,NA,1,3
9PSICE,29/09/2019,Iceland,50,730,700,1193,PS,"Capelin, Herring",130,10,NA,NA,NA,NA,NA,NA,NA,NA,NA,NA,NA,NA,NA,NA,4,486,148,IDK,IDK,IDK,NA,NA,NA,NA,NA,NA,NA,NA,NA,NA,NA,NA,NA,NA,NA,1,10
10PSICE,28/09/2019,Iceland,86,800,3200,5593,PS,"Capelin, Herring",200,5,NA,NA,NA,NA,NA,NA,NA,NA,NA,NA,NA,NA,NA,NA,4,648,117,1,300,Less25,NA,NA,NA,NA,NA,NA,NA,NA,NA,NA,NA,NA,NA,NA,NA,1,5
11PSICE,20/09/2019,Iceland,75,661,2100,4325,PS,"Capelin, Herring",60,3,NA,NA,NA,NA,NA,NA,NA,NA,NA,NA,NA,NA,NA,NA,15,1080,180,0,1,Never,NA,NA,NA,NA,NA,NA,NA,NA,NA,NA,NA,NA,NA,NA,NA,1,3
12PSICE,17/09/2019,Iceland,70,1500,2000,4250,PS,"Capelin, Herring",90,3,NA,NA,NA,NA,NA,NA,NA,NA,NA,NA,NA,NA,NA,NA,6,414,108,0,1,Never,NA,NA,NA,NA,NA,NA,NA,NA,NA,NA,NA,NA,NA,NA,NA,1,3
13PSICE,15/10/2019,Iceland,80,3600,2900,4250,PS,"Capelin, Herring",60,3,NA,NA,NA,NA,NA,NA,NA,NA,NA,NA,NA,NA,NA,NA,6,486,144,1,20,Less25,NA,NA,NA,NA,NA,NA,NA,NA,NA,NA,NA,NA,NA,NA,NA,1,3
14PSICE,15/10/2019,Iceland,87,4200,3200,8203,PS,"Capelin, Herring",90,3,NA,NA,NA,NA,NA,NA,NA,NA,NA,NA,NA,NA,NA,NA,4,540,120,0,1,Never,NA,NA,NA,NA,NA,NA,NA,NA,NA,NA,NA,NA,NA,NA,NA,1,3
15PSICE,15/10/2019,Iceland,87,4200,3200,8202,PS,"Capelin, Herring",50,8,NA,NA,NA,NA,NA,NA,NA,NA,NA,NA,NA,NA,NA,NA,5,540,120,1,150,Less25,NA,NA,NA,NA,NA,NA,NA,NA,NA,NA,NA,NA,NA,NA,NA,1,8
1LLICE,20/09/2019,Iceland,14,30,20,679,LL,LLS,240,1,NA,NA,NA,NA,NA,NA,NA,NA,NA,NA,NA,NA,NA,NA,NA,NA,NA,NA,NA,NA,NA,NA,NA,NA,NA,2,18000,IDK,IDK,4.5,1,IDK,1000,1,IDK,NA,1
2LLICE,25/09/2019,Iceland,11,15,14,522,LL,LLS,60,1,NA,NA,NA,NA,NA,NA,NA,NA,NA,NA,NA,NA,NA,NA,NA,NA,NA,NA,NA,NA,NA,NA,NA,NA,NA,1,"16,000",19.2,0.35,1,1.5,1000,200,1,19.2,NA,1
3LLICE,2/10/2019,Iceland,45,650,150,746,LL,LLS,190,7,NA,NA,NA,NA,NA,NA,NA,NA,NA,NA,NA,NA,NA,NA,NA,NA,NA,NA,NA,NA,NA,NA,NA,NA,NA,1,"42,000",48,0.3,10,5,9000,950,7,48,NA,7
4LLICE,17/09/2019,Iceland,43,689,100,735,LL,LLS,200,5,NA,NA,NA,NA,NA,NA,NA,NA,NA,NA,NA,NA,NA,NA,NA,NA,NA,NA,NA,NA,NA,NA,NA,NA,NA,1,"40,000",70.376,0.3,5,0.15,4000,4000,5,70.376,NA,5
5LLICE,20/09/2019,Iceland,53,450,100,746,LL,LLS,280,5,NA,NA,NA,NA,NA,NA,NA,NA,NA,NA,NA,NA,NA,NA,NA,NA,NA,NA,NA,NA,NA,NA,NA,NA,NA,1,"41,000",50,IDK,1,2.778,2000,2500,5,50,NA,5
6LLICE,14/10/2019,Iceland,8,5.3,3,52,LL,LLS,80,1,NA,NA,NA,NA,NA,NA,NA,NA,NA,NA,NA,NA,NA,NA,NA,NA,NA,NA,NA,NA,NA,NA,NA,NA,NA,2,540,0.6,0.4,0,0,50,50,1,0.6,NA,1
7LLICE,7/10/2019,Iceland,53,248,140,895,LL,LLS,210,5,NA,NA,NA,NA,NA,NA,NA,NA,NA,NA,NA,NA,NA,NA,NA,NA,NA,NA,NA,NA,NA,NA,NA,NA,NA,1,"45,000",64,0.3,30,8.334,4000,4000,5,64,NA,5
8LLICE,20/09/2019,Iceland,40,350,120,746,LL,LLS,280,4,NA,NA,NA,NA,NA,NA,NA,NA,NA,NA,NA,NA,NA,NA,NA,NA,NA,NA,NA,NA,NA,NA,NA,NA,NA,1,"38,400",45,0.3,NA,2.9632,IDK,100,4,45,NA,4
9LLICE,9/10/2019,Iceland,15,30,18,186,LL,LLS,160,1,NA,NA,NA,NA,NA,NA,NA,NA,NA,NA,NA,NA,NA,NA,NA,NA,NA,NA,NA,NA,NA,NA,NA,NA,NA,1,"13,000",16.668,0.4,5,1,400,400,1,16.668,NA,1
10LLICE,26/09/2019,Iceland,26,100,40,298,LL,LLS,60,1,NA,NA,NA,NA,NA,NA,NA,NA,NA,NA,NA,NA,NA,NA,NA,NA,NA,NA,NA,NA,NA,NA,NA,NA,NA,1,"10,000",18.52,0.3,7,3.704,IDK,IDK,1,18.52,NA,1
11LLICE,16/10/2019,Iceland,12,IDK,9,485,LL,LLS,190,1,NA,NA,NA,NA,NA,NA,NA,NA,NA,NA,NA,NA,NA,NA,NA,NA,NA,NA,NA,NA,NA,NA,NA,NA,NA,1,"17,000",22.7796,0.3,1,0.72,IDK,IDK,1,22.7796,NA,1
12LLICE,15/10/2019,Iceland,12,15,12,559,LL,LLS,120,1,NA,NA,NA,NA,NA,NA,NA,NA,NA,NA,NA,NA,NA,NA,NA,NA,NA,NA,NA,NA,NA,NA,NA,NA,NA,1,"17,000",20.372,0.4,3,0.7,280,700,1,20.372,NA,1
13LLICE,15/10/2019,Iceland,15,30,15,746,LL,LLS,220,1,NA,NA,NA,NA,NA,NA,NA,NA,NA,NA,NA,NA,NA,NA,NA,NA,NA,NA,NA,NA,NA,NA,NA,NA,NA,1,"16,000",22.224,0.4,IDK,3.704,1000,1000,1,22.224,NA,1
14LLICE,15/10/2019,Iceland,45,575,130,746,LL,LLS,240,7,NA,NA,NA,NA,NA,NA,NA,NA,NA,NA,NA,NA,NA,NA,NA,NA,NA,NA,NA,NA,NA,NA,NA,NA,NA,1,"43,500",70.376,0.25,10,6.8524,225,9000,7,70.376,NA,7
15LLICE,15/10/2019,Iceland,45,1000,120,895,LL,LLS,140,7,NA,NA,NA,NA,NA,NA,NA,NA,NA,NA,NA,NA,NA,NA,NA,NA,NA,NA,NA,NA,NA,NA,NA,NA,NA,6,4000,37.04,0.3,10,5.556,6000,6000,7,37.04,NA,7
1TRNZ,7/10/2019,New Zealand,15,50,4,152.123,T,OTB,250,2.5,NA,NA,NA,NA,NA,NA,NA,4,1,45,40,0,1,Never,NA,NA,NA,NA,NA,NA,NA,NA,NA,NA,NA,NA,NA,NA,NA,NA,NA,NA,NA,NA,NA,NA,NA
2TRNZ,8/10/2019,New Zealand,27.8,126,40,507.076,T,OTM,300,7,NA,NA,NA,NA,NA,NA,NA,4,1,48.5,85,1,100,Full,NA,NA,NA,NA,NA,NA,NA,NA,NA,NA,NA,NA,NA,NA,NA,NA,NA,NA,NA,NA,NA,NA,NA
3TRNZ,2/12/2019,New Zealand,13.4,30,5,160,T,OTB,100,4,NA,NA,NA,NA,NA,NA,NA,4,1,28,30,0,1,Never,NA,NA,NA,NA,NA,NA,NA,NA,NA,NA,NA,NA,NA,NA,NA,NA,NA,NA,NA,NA,NA,NA,NA
4TRNZ,2/12/2019,New Zealand,15.2,40,7,198,T,OTB,127.5,4,NA,NA,NA,NA,NA,NA,NA,5,1,28,30,0,1,Never,NA,NA,NA,NA,NA,NA,NA,NA,NA,NA,NA,NA,NA,NA,NA,NA,NA,NA,NA,NA,NA,NA,NA
5TRNZ,23/10/2019,New Zealand,12,20,3.5,119.312,T,OTB,160,0.5,NA,NA,NA,NA,NA,NA,NA,2,1,18.5,25,0,1,Never,NA,NA,NA,NA,NA,NA,NA,NA,NA,NA,NA,NA,NA,NA,NA,NA,NA,NA,NA,NA,NA,NA,NA
6TRNZ,2/12/2019,New Zealand,12,40,3,111.855,T,OTB,105,0.625,NA,NA,NA,NA,NA,NA,NA,4,1,20,NA,0,1,Never,NA,NA,NA,NA,NA,NA,NA,NA,NA,NA,NA,NA,NA,NA,NA,NA,NA,NA,NA,NA,NA,NA,NA
7TRNZ,23/10/2019,New Zealand,16,80,17,260.995,T,OTB,160,4,NA,NA,NA,NA,NA,NA,NA,4,1,28,NA,1,1200,25to50,NA,NA,NA,NA,NA,NA,NA,NA,NA,NA,NA,NA,NA,NA,NA,NA,NA,NA,NA,NA,NA,NA,NA
8TRNZ,25/11/2019,New Zealand,19.8,88,16,272,T,OTB,240,5,NA,NA,NA,NA,NA,NA,NA,4,1,40,50,1,2400,25to50,NA,NA,NA,NA,NA,NA,NA,NA,NA,NA,NA,NA,NA,NA,NA,NA,NA,NA,NA,NA,NA,NA,NA
9TRNZ,24/10/2019,New Zealand,13.25,20,3,89.484,T,OTB,255,0.5,NA,NA,NA,NA,NA,NA,NA,3,1,15,32,0,1,Never,NA,NA,NA,NA,NA,NA,NA,NA,NA,NA,NA,NA,NA,NA,NA,NA,NA,NA,NA,NA,NA,NA,NA
10TRNZ,3/12/2019,New Zealand,11.95,20,5,84,T,OTB,150,0.375,NA,NA,NA,NA,NA,NA,NA,4,1,16,18,0,1,Never,NA,NA,NA,NA,NA,NA,NA,NA,NA,NA,NA,NA,NA,NA,NA,NA,NA,NA,NA,NA,NA,NA,NA
11TRNZ,7/10/2019,New Zealand,21,110,24,521.99,T,OTB,265,3.5,NA,NA,NA,NA,NA,NA,NA,5,1,48.5,50,0,1,Never,NA,NA,NA,NA,NA,NA,NA,NA,NA,NA,NA,NA,NA,NA,NA,NA,NA,NA,NA,NA,NA,NA,NA
12TRNZ,21/11/2019,New Zealand,19.85,100,24,242.352,T,OTB,240,6,NA,NA,NA,NA,NA,NA,NA,3,1,34,36,0,1,Never,NA,NA,NA,NA,NA,NA,NA,NA,NA,NA,NA,NA,NA,NA,NA,NA,NA,NA,NA,NA,NA,NA,NA
1GNNZ,2/12/2019,New Zealand,14,NA,NA,335.565,GN,GNS,190,1,1,9,220,3.6,0,1,Never,NA,NA,NA,NA,NA,NA,NA,NA,NA,NA,NA,NA,NA,NA,NA,NA,NA,NA,NA,NA,NA,NA,NA,NA,NA,NA,NA,NA,NA,NA
2GNNZ,30/10/2019,New Zealand,15,24,5,521.99,GN,GNS,20,4,3,14,60,2.16,0,1,Never,NA,NA,NA,NA,NA,NA,NA,NA,NA,NA,NA,NA,NA,NA,NA,NA,NA,NA,NA,NA,NA,NA,NA,NA,NA,NA,NA,NA,NA,NA
3GNNZ,2/12/2019,New Zealand,10,4.5,1.5,223.71,GN,GNS,280,0.21,3,3,300,2,1,500,Full,NA,NA,NA,NA,NA,NA,NA,NA,NA,NA,NA,NA,NA,NA,NA,NA,NA,NA,NA,NA,NA,NA,NA,NA,NA,NA,NA,NA,NA,NA
4GNNZ,2/12/2019,New Zealand,14.5,20,3,260.995,GN,GNS,245,1,3,24,50,2,0,1,Never,NA,NA,NA,NA,NA,NA,NA,NA,NA,NA,NA,NA,NA,NA,NA,NA,NA,NA,NA,NA,NA,NA,NA,NA,NA,NA,NA,NA,NA,NA
5GNNZ,23/10/2019,New Zealand,11.5,15,2.8,71,GN,GNS,110,1,1,8,220,2.3,0,1,Never,NA,NA,NA,NA,NA,NA,NA,NA,NA,NA,NA,NA,NA,NA,NA,NA,NA,NA,NA,NA,NA,NA,NA,NA,NA,NA,NA,NA,NA,NA
